,minimum,maximum
EX_26dap__M_e,0.0,0.0
EX_34dhpac_e,0.0,0.0
EX_23camp_e,0.0,0.0
EX_23dappa_e,0.0,0.0
EX_3amp_e,0.0,0.0
EX_3cmp_e,0.0,0.0
EX_2ddglcn_e,0.0,0.0
DM_4crsol_c,0.0,7.883046769031947e-05
EX_23cgmp_e,0.0,0.0
EX_23ccmp_e,0.0,0.0
EX_3gmp_e,0.0,0.0
DM_5drib_c,0.0001419022680557468,0.18815860484124888
EX_3hcinnm_e,0.0,0.0
EX_23cump_e,0.0,0.0
DM_aacald_c,0.0,0.0
EX_3hpp_e,0.0,0.0
EX_3hpppn_e,0.0,0.0
DM_amob_c,0.0,6.990750435387191e-07
EX_3ump_e,0.0,0.0
EX_4abut_e,0.0,4.502575802435668
EX_4hoxpacd_e,0.0,0.0
DM_mththf_c,0.0001419022680557468,0.0001583760849354754
EX_5dglcn_e,0.0,0.0
DM_oxam_c,0.0,0.2860655457167745
EX_5mtr_e,0.0,0.42088235294116116
BIOMASS_Ec_iJO1366_WT_53p95M,0.0,0.0
EX_LalaDglu_e,0.0,0.0
EX_LalaDgluMdap_e,0.0,0.15639344262294544
Biomass_Gut,0.31816652030436504,0.3535183558937389
EX_LalaDgluMdapDala_e,0.0,0.15142857142856597
EX_LalaLglu_e,0.0,0.0
EX_dcmp_e,0.0,0.0
EX_dcyt_e,0.0,0.0
EX_ddca_e,0.0,0.0
EX_dgmp_e,0.0,0.0
EX_dgsn_e,0.0,0.0
EX_dha_e,0.0,2.384999999999879
EX_dimp_e,0.0,0.0
EX_ac_e,0.4048083432491906,5.0
EX_acac_e,0.0,0.0
EX_acald_e,0.0,9.53999999999957
EX_acgal_e,0.0,0.0
EX_acgal1p_e,0.0,0.0
EX_acgam_e,0.0,0.0
EX_acgam1p_e,0.0,0.0
EX_din_e,0.0,0.0
EX_dms_e,0.0,0.0
EX_acmana_e,0.0,0.0
EX_dmso_e,0.0,0.0
EX_12ppd__R_e,0.0,3.103236417007679
EX_dopa_e,0.0,0.0
EX_doxrbcn_e,0.0,0.0
EX_acmum_e,0.0,0.0
EX_acnam_e,0.0,0.0
EX_dtmp_e,0.0,0.0
EX_acolipa_e,0.0,0.0
EX_dump_e,0.0,0.0
EX_12ppd__S_e,0.0,2.4027062314585015
EX_duri_e,0.0,0.0
EX_acser_e,0.0,1.9698815714874445
EX_ade_e,0.0,0.2575069291249832
EX_eca4colipa_e,0.0,0.0
EX_14glucan_e,0.0,0.0
EX_enlipa_e,0.0,0.05633858267716538
EX_enter_e,0.0,0.09636363636363779
EX_etha_e,0.0,0.5959348590040978
EX_adn_e,0.0,0.20445289753166468
EX_adocbl_e,0.0,0.0
EX_ag_e,0.0,0.0
EX_agm_e,0.0,1.2157947050455493
EX_akg_e,0.0,2.9573001764180082
EX_ala_B_e,0.0,0.0
EX_ethso3_e,0.0,0.0
EX_etoh_e,0.0,23.419446726288513
EX_f6p_e,0.0,0.0
EX_fald_e,0.0,0.0
EX_fe2_e,-0.01,1.7323970495791912
EX_fe3_e,-1.7375071220617717,-0.002484244190536482
EX_ala__D_e,0.0,0.48142060563310085
EX_ala__L_e,-1.0,5.0
EX_alaala_e,0.0,0.2385000000000136
EX_fe3dcit_e,0.0,0.0
EX_all__D_e,0.0,0.0
EX_fe3dhbzs_e,0.0,0.0
EX_15dap_e,0.0,1.7012542890208133
EX_fe3hox_e,0.0,0.0
EX_fe3hox_un_e,0.0,0.0
EX_alltn_e,0.0,0.2697421348417629
EX_amp_e,0.0,0.0
EX_anhgm_e,0.0,0.1589999999999983
EX_fecrm_e,0.0,0.0
EX_arab__L_e,0.0,0.0
EX_fecrm_un_e,0.0,0.0
EX_arbt_e,0.0,0.0
EX_h_e,-8.044144104639035,28.957293334619404
EX_arbtn_e,0.0,0.0
EX_arbtn_fe3_e,0.0,0.0
EX_arg__L_e,-1.0,0.15066284584670642
EX_feenter_e,0.0,0.0963636363636276
EX_feoxam_e,0.0,0.0
EX_feoxam_un_e,0.0,0.0
EX_for_e,0.0,22.110956338882538
EX_fru_e,0.0,0.0
EX_ascb__L_e,0.0,0.0
EX_asn__L_e,-1.0,1.0785847201513405
EX_h2_e,0.0,0.0
EX_aso3_e,0.0,0.0
EX_frulys_e,0.0,0.0
EX_fruur_e,0.0,0.0
EX_fuc__L_e,0.0,0.0
EX_fum_e,0.0,0.0
EX_fusa_e,0.0,0.0
EX_g1p_e,0.0,0.0
EX_g3pc_e,0.0,0.0
EX_g3pe_e,0.0,0.39749999999998425
EX_asp__L_e,-1.0,2.108763882680153
EX_btn_e,-6.458535849766326e-07,0.0
EX_but_e,-3.4118256716897095,0.0
EX_butso3_e,0.0,0.0
EX_ca2_e,-0.0018400630424269112,-0.0016560567381842203
EX_cbi_e,0.0,0.0
EX_g3pg_e,0.0,0.29812499999999587
EX_g3pi_e,0.0,0.0
EX_cbl1_e,0.0,0.0
EX_g3ps_e,0.0,0.0
EX_cd2_e,0.0,0.0
EX_h2o_e,-12.754083262420439,3.8388744945871482
EX_cgly_e,0.0,0.5299999999999851
EX_chol_e,0.0,0.0
EX_g6p_e,0.0,0.0
EX_gal_e,0.0,0.0
EX_gal_bD_e,0.0,0.0
EX_chtbs_e,0.0,0.0
EX_cit_e,0.0,1.8138152417063562
EX_gal1p_e,0.0,0.0
EX_h2o2_e,0.0,0.0
EX_galct__D_e,0.0,0.0
EX_galctn__D_e,0.0,0.0
EX_galctn__L_e,0.0,0.0
EX_cl_e,-0.0018400630424269127,-0.0016560567381842203
EX_cm_e,0.0,0.0
EX_cmp_e,0.0,0.0
EX_galt_e,0.0,0.0
EX_co2_e,-1.8224617474955764,28.33225899974744
EX_galur_e,0.0,0.0
EX_h2s_e,0.0,1.4687961366876696
EX_gam_e,0.0,0.0
EX_gam6p_e,0.0,0.0
EX_gbbtn_e,0.0,0.0
EX_gdp_e,0.0,0.0
EX_cobalt2_e,-8.595172418404112e-06,-7.954163007609127e-06
EX_colipa_e,0.0,0.0
EX_colipap_e,0.0,0.0
EX_cpgn_e,0.0,0.0
EX_glc__D_e,-10.0,-8.807500000000035
EX_cpgn_un_e,0.0,0.0
EX_glcn_e,0.0,0.0
EX_hacolipa_e,0.0,0.0
EX_glcr_e,0.0,0.0
EX_crn_e,0.0,0.0
EX_crn__D_e,0.0,0.0
EX_csn_e,0.0,0.0
EX_glcur_e,0.0,0.0
EX_glcur1p_e,0.0,0.0
EX_cu_e,0.0,0.0
EX_halipa_e,0.0,0.0
EX_cu2_e,-0.00025064451432866154,-0.00022558006289579482
EX_gln__L_e,-1.0,0.0
EX_glu__L_e,-1.0,2.4501835391543434
EX_cyan_e,0.0,0.0
EX_hdca_e,0.0,0.0
EX_cynt_e,0.0,0.0
EX_cys__D_e,0.0,0.0
EX_gly_e,-1.0,2.7655918601812255
EX_glyald_e,0.0,1.060000000000004
EX_cys__L_e,-1.0,0.46879613668766873
EX_hdcea_e,0.0,0.0
EX_cytd_e,0.0,0.3012631578947267
EX_dad_2_e,0.0,0.0
EX_glyb_e,0.0,0.0
EX_glyc_e,0.0,1.192500000000018
EX_glyc__R_e,0.0,1.3326242341725674
EX_damp_e,0.0,0.0
EX_dca_e,0.0,0.0
EX_glyc2p_e,0.0,0.0
EX_glyc3p_e,0.0,0.4542857142857079
EX_glyclt_e,0.0,2.8922914562490254
EX_hg2_e,0.0,0.0
EX_gmp_e,0.0,0.0
EX_gsn_e,0.0,0.0
EX_gthox_e,0.0,0.0
EX_ppal_e,0.0,0.0
EX_pppn_e,0.0,0.0
EX_ppt_e,0.0,0.0
EX_pro__L_e,-1.0,1.8158721654766738
EX_gthrd_e,0.0,0.5021052631578842
EX_gtp_e,0.0,0.0
EX_progly_e,0.0,0.0
EX_his__L_e,-0.03349162200066104,0.31467681730783365
EX_psclys_e,0.0,0.0
EX_pser__L_e,0.0,0.0
EX_gua_e,0.0,0.22658339326708393
EX_hom__L_e,0.0,1.1343703987198048
EX_ptrc_e,0.0,2.1219166664695863
EX_pydam_e,0.0,0.0
EX_pydx_e,0.0,0.0
EX_pydxn_e,0.0,0.0
14GLUCANabcpp,0.0,0.0
14GLUCANtexi,0.0,0.0
EX_hxa_e,0.0,4.769999999999823
23CAMPtex,0.0,0.0
EX_pyr_e,0.0,9.53999999999976
EX_quin_e,0.0,0.7154999999999365
EX_r5p_e,0.0,0.0
23CCMPtex,0.0,0.0
EX_hxan_e,0.0,0.28322924158386975
23CGMPtex,0.0,0.0
EX_rfamp_e,0.0,0.0
EX_rib__D_e,0.0,0.0
EX_rmn_e,0.0,0.0
23CUMPtex,0.0,0.0
23DAPPAt2pp,0.0,0.0
23DAPPAtex,0.0,0.0
23PDE2pp,0.0,0.0
EX_sbt__D_e,0.0,0.0
EX_sel_e,0.0,0.0
EX_ser__D_e,0.0,0.0
23PDE4pp,0.0,0.0
23PDE7pp,0.0,0.0
EX_ser__L_e,-1.0,2.211042762317925
EX_idon__L_e,0.0,0.0
EX_skm_e,0.0,0.0
EX_slnt_e,0.0,0.0
23PDE9pp,0.0,0.0
26DAHtex,0.0,0.0
EX_so2_e,0.0,0.0
2AGPA120tipp,0.0,0.7338461538461233
EX_ile__L_e,-0.1027073344194521,1.3773247442182284
EX_so3_e,0.0,0.0
EX_so4_e,-0.5,-0.0013802063650803355
EX_spmd_e,0.0,0.4208823529411789
2AGPA140tipp,0.0,0.7338461538461283
2AGPA141tipp,0.0,0.5611764705882145
EX_succ_e,0.10546074748616606,5.0
EX_imp_e,0.0,0.0
EX_sucr_e,0.0,0.0
EX_sulfac_e,0.0,0.0
2AGPA160tipp,0.0,0.733846153846142
2AGPA161tipp,0.0,0.561176470588215
2AGPA180tipp,0.0,0.7338461538461298
2AGPA181tipp,0.0,0.7338461538461266
2AGPE120tipp,0.0,1.1924999999999557
EX_tartr__D_e,0.0,0.0
EX_tartr__L_e,0.0,0.0
EX_taur_e,0.0,0.0
EX_tcynt_e,0.0,0.0
EX_thm_e,-7.88345933643039e-05,0.0
2AGPE140tipp,0.0,1.1924999999999557
2AGPE141tipp,0.0,0.7949999999999882
EX_thr__L_e,-1.0,0.7723592692065959
EX_indole_e,0.0,1.2896563959702054
EX_thrp_e,0.0,0.0
EX_thym_e,0.0,0.5723999999999848
EX_thymd_e,0.0,0.40309859154928374
2AGPE160tipp,0.0,1.1924999999999588
2AGPE161tipp,0.0,0.7949999999999701
2AGPE180tipp,0.0,1.192500000000009
EX_tma_e,0.0,0.0
EX_inost_e,0.0,0.0
EX_tmao_e,0.0,0.0
EX_tre_e,0.0,0.0
2AGPE181tipp,0.0,1.1924999999999553
2AGPEAT120,0.0,1.1924999999999553
2AGPEAT140,0.0,1.1924999999999624
2AGPEAT141,0.0,0.7949999999999701
EX_trp__L_e,-1.0,0.24935463359613008
EX_ins_e,0.0,0.22776662020839658
EX_tsul_e,0.0,0.0
2AGPEAT160,0.0,1.192499999999984
EX_isetac_e,0.0,0.0
2AGPEAT161,0.0,0.7949999999999569
2AGPEAT180,0.0,1.192499999999984
EX_ttdca_e,0.0,0.0
EX_ttdcea_e,0.0,0.0
EX_ttrcyc_e,0.0,0.0
EX_tungs_e,0.0,0.0
EX_tym_e,0.0,0.0
EX_tyr__L_e,-0.0488250464884269,0.36498325237321305
2AGPEAT181,0.0,1.1924999999999588
2AGPG120tipp,0.0,1.1924999999999606
2AGPG140tipp,0.0,1.1924999999999588
2AGPG141tipp,0.0,0.7949999999999758
2AGPG160tipp,0.0,1.1925000000000163
EX_tyrp_e,0.0,0.0
EX_uacgam_e,0.0,0.0
EX_udpacgal_e,0.0,0.0
2AGPG161tipp,0.0,0.7949999999999758
EX_k_e,-0.06900430844196669,-0.062103877597769926
2AGPG180tipp,0.0,1.1924999999999624
EX_udpg_e,0.0,0.0
EX_udpgal_e,0.0,0.0
2AGPG181tipp,0.0,1.1924999999999624
EX_udpglcur_e,0.0,0.0
2AGPGAT120,0.0,1.1925000000000128
EX_kdo2lipid4_e,0.0,0.0656422018348623
2AGPGAT140,0.0,1.1924999999999588
EX_ump_e,0.0,0.0
EX_ura_e,0.0,0.6814285714285492
EX_lac__D_e,-2.0,5.0
EX_urea_e,0.0,1.2157947050455138
EX_uri_e,0.0,0.3867567567567265
2AGPGAT141,0.0,0.7949999999999905
2AGPGAT160,0.0,1.1924999999999386
2AGPGAT161,0.0,0.795
EX_val__L_e,-1.0,4.67416096214617
EX_lac__L_e,-2.0,1.6717037454816694
EX_xan_e,0.0,0.27632121130133086
EX_xmp_e,0.0,0.0
EX_xtsn_e,0.0,0.22308648417672253
EX_xyl__D_e,0.0,0.0
EX_xylu__L_e,0.0,0.0
2AGPGAT180,0.0,1.192500000000007
2AGPGAT181,0.0,1.192500000000007
2DGULRGx,0.0,0.0
2DGULRGy,0.0,0.0
2DGULRx,0.0,0.0
2DGULRy,0.0,0.0
2MAHMP,0.0,2.384999999999864
EX_zn2_e,-0.00012054975935976474,-0.00010849478342378848
12DGR120tipp,0.0,1.0600000000000023
12DGR140tipp,0.0,1.0600000000000023
EX_lcts_e,0.0,0.0
12DGR141tipp,0.0,1.060000000000041
12DGR160tipp,0.0,1.0600000000000056
34dhpactex,0.0,0.0
3AMACHYD,0.0,0.0
12DGR161tipp,0.0,1.059999999999981
3AMPtex,0.0,0.0
EX_leu__L_e,-0.1592709783991618,2.434455495071389
3CMPtex,0.0,0.0
12DGR180tipp,0.0,1.059999999999993
12DGR181tipp,0.0,1.0599999999999685
12PPDRtex,-3.1032364170075333,0.0
12PPDRtpp,-3.1032364170075333,0.0
EX_lipa_e,0.0,0.06063559322033981
12PPDStex,-2.402706231458534,0.0
12PPDStpp,-2.402706231458534,0.0
3GMPtex,0.0,0.0
3HAD100,0.0,0.46646521882079633
3HAD120,0.0,0.6332609309313123
3HAD121,0.0,0.38003098927239254
3HAD140,0.0,0.6298927910705365
EX_lipa_cold_e,0.0,0.06025263157894488
3HAD141,0.0,0.3800309892723973
EX_udcpo4_e,0.0,0.0
3HAD160,0.0,0.6429918093458538
EX_lipoate_e,0.0,0.0
3HAD161,0.0,0.6479059425691235
EX_lys__L_e,-1.0,0.7012542890209421
3HAD180,0.0,0.6154838709677197
3HAD181,0.0,0.6154838709677067
3HAD40,0.0,0.28754705269774467
EX_lyx__L_e,0.0,0.0
3HAD60,0.0,0.2875470526977476
3HAD80,0.0,0.2875470526977476
5DGLCNtex,0.0,0.0
5DOAN,0.0001419022680557468,0.18815860484125407
3HPPtex,0.0,0.0
3HPPtpp,0.0,0.0
5MTRtex,-0.4208823529411634,0.0
EX_mal__D_e,0.0,0.0
5MTRtpp,0.0,0.42088235294117005
A5PISO,0.012380495638083452,0.14366489930780887
3KGK,0.0,0.0
3NTD2pp,0.0,0.0
AACPS1,0.0,2.38499999999991
EX_mal__L_e,0.0,1.907999999999965
AACPS2,0.0,2.3849999999999127
3NTD4pp,0.0,0.0
3NTD7pp,0.0,0.0
3NTD9pp,0.0,0.0
3OAR100,0.0,0.4664652188207788
3OAR120,0.0,0.6332609309312089
3OAR121,0.0,0.38003098927239676
AACPS3,0.0,2.4256069566533
AACPS4,0.0,2.432861153316193
AACPS5,0.0,2.3849999999998603
AACPS6,0.0,2.3849999999999585
AACPS7,0.0,2.4097609912761255
3OAR140,0.024760991276166905,0.654653782346707
3OAR141,0.0,0.380030989272397
AACPS8,0.0,2.3849999999999385
3OAR160,0.0,0.6429918093458358
EX_malt_e,0.0,0.0
3OAR161,0.0,0.6479059425691274
3OAR180,0.0,0.6154838709677324
3OAR181,0.0,0.6154838709677188
AACPS9,0.0,2.384999999999916
AACTOOR,0.0,2.944659764581156
AADDGT,0.0,0.0
AAMYL,0.0,0.0
3OAR40,0.0,0.2875470526977385
3OAR60,0.0,0.2875470526977385
EX_malthx_e,0.0,0.0
3OAR80,0.0,0.2875470526977385
3OAS100,0.0,0.46646521882076974
AAMYLpp,0.0,0.0
AB6PGH,0.0,0.0
3OAS120,0.0,0.633260930931183
ABTA,0.0,2.1132048129146437
EX_maltpt_e,0.0,0.0
ABUTD,0.0,1.6639259257507546
ABUTt2pp,0.0,1000.0
ABUTtex,-4.502575802435656,0.0
ACACCT,0.0,0.0
3OAS121,0.0,0.380030989272396
3OAS140,0.024760991276166905,0.6546537823466543
3OAS141,0.0,0.3800309892723871
3OAS160,0.0,0.6429918093457957
3OAS161,0.0,0.6479059425690845
ACACT1r,-1.9404222421327262,4.883229101245686
ACACT2r,-0.08853810571871368,4.883229101245686
ACACT3r,-0.17431795145182963,0.47704266056792677
EX_malttr_e,0.0,0.0
ACACT4r,-0.35323611757485995,0.47704266056792677
ACACT5r,-0.5200318296853312,0.47704266056792677
3OAS180,0.0,0.6154838709676862
3OAS181,0.0,0.6154838709676725
3OAS60,0.0,0.28754705269772807
EX_maltttr_e,0.0,0.0
3OAS80,0.0,0.28754705269772807
3PEPTabcpp,0.0,0.22714285714283006
ACACT6r,-0.5414246811007911,0.20897337312763495
ACACT7r,-0.5869457709774775,0.14872074154869339
ACACT8r,0.0,0.6154838709676658
3PEPTtex,-0.15639344262294616,0.0
3UMPtex,0.0,0.0
ACACt2pp,0.0,0.0
EX_man_e,0.0,0.0
ACACtex,0.0,0.0
4HOXPACDtex,0.0,0.0
4HTHRS,0.0,2.384999999999741
4PCP,0.0,0.2446153846153797
4PCPpp,0.0,0.21681818181817702
ACALD,-23.4194467262882,3.282758998374631
ACALDtex,-9.539999999999576,0.0
ACALDtpp,-9.539999999999576,0.0
ACANTHAT,0.0,0.0
4PEPTabcpp,0.0,0.22186046511625923
ACBIPGT,0.0,0.0
4PEPTtex,-0.15142857142856547,0.0
EX_man6p_e,0.0,0.0
5DGLCNR,0.0,0.0
5DGLCNt2rpp,0.0,0.0
ACCOAC,0.024760991276166905,2.4097609912758644
ACCOAL,0.0,1000.0
ACGAL1PPpp,0.0,0.0
ACGAL1Ptex,0.0,0.0
EX_manglyc_e,0.0,0.0
ACGALtex,0.0,0.0
ACHBS,0.0,1.4697613451957054
ACGAM1PPpp,0.0,0.0
EX_melib_e,0.0,0.0
ACGAM1Ptex,0.0,0.0
ACKr,-1000.0,-0.0469906693652824
ACLS,0.0,4.808796943211486
ACGAMK,0.0,0.25105263157894053
EX_meoh_e,0.0,7.070360934619437e-07
ACGAMT,0.0,0.0
ACM6PH,0.0,0.2510526315789404
ACMAMUT,0.0,0.0
ACMANAptspp,0.0,0.0
ACMANAtex,0.0,0.0
ACGAptspp,0.0,0.0
ACGAtex,0.0,0.0
ACGK,0.0,1.2160277778434683
ACMUMptspp,0.0,0.0
ACGS,0.0,1.2160277778434683
EX_met__D_e,0.0,0.0
ACMUMtex,0.0,0.0
ACNAMt2pp,0.0,0.0
ADNK1,0.0,2.3852838045363303
ACNAMtex,0.0,0.0
EX_met__L_e,-0.46985104391460997,0.0
ACNML,0.0,2.385000000000166
ACOAD1f,-4.883229101241154,1.9404222421329116
ACOAD2f,-4.883229101241154,0.08853810571872506
ADNUC,0.0,2.3850000000001357
ADNt2pp_copy1,0.0,1000.0
ADNt2pp_copy2,-1000.0,0.0
ACOAD3f,-0.4770426605676012,0.1743179514518397
EX_metsox_R__L_e,0.0,0.0
ACOAD4f,-0.4770426605676012,0.3532361175748746
ADNtex,-0.2044528975313824,0.0
ADOCBIK,0.0,0.0
EX_metsox_S__L_e,0.0,0.0
ADOCBLS,0.0,0.0
ADOCBLabcpp,0.0,0.0
ACOAD5f,-0.4770426605680926,0.5200318296853229
ACOAD6f,-0.20897337312739425,0.5733955524442136
ACOAD7f,-0.04511884072600579,0.6023848526924709
ACOAD8f,0.0,0.6154838709677337
ACOATA,-2.385000000000048,0.28754705269775865
ADOCBLtonex,0.0,0.0
ADPRDP,0.0,0.5962500000000379
ADPT,0.0,2.3852838045362335
ACODA,0.0,1.2160277778435185
ADSK,0.0,0.49861979363491965
ACOLIPAabctex,0.0,0.0
EX_mg2_e,-0.003066771737378173,-0.002760094563640367
ACONIs,0.0,0.0
ACONMT,0.0,0.0
ACONTa,-3.2381170080624315,1.7555200030237519
ADSL1r,0.06500046559942094,1.1251266009473273
ADSL2r,0.14254273726191968,0.4328553100714836
ADSS,0.06500046559942094,1.125126600947952
AGDC,0.0,0.5021052631578691
ACONTb,-3.2381170080624315,1.7555200030236746
ACOTA,-1.216027777843221,0.0
AGM3PA,0.0,0.2510526315789413
EX_mincyc_e,0.0,0.0
AGM3PApp,0.0,0.22714285714285135
ACPPAT120,0.0,2.384999999999901
ACPPAT140,0.0,2.3849999999998754
AGM3PH,0.0,0.2510526315789421
ACPPAT141,0.0,2.3849999999998666
EX_minohp_e,0.0,0.0
ACPPAT160,0.0,2.4053034783265663
AGM3Pt2pp,0.0,0.2510526315789421
ACPPAT161,0.0,2.4089305766580464
AGM4PA,0.0,0.24461538461537763
AGM4PApp,0.0,0.22186046511627344
ACPPAT180,0.0,2.3849999999998954
ACPPAT181,0.0,2.384999999999951
ACPS1,0.0,0.0
AGM4PCP,0.0,0.24461538461537763
EX_mmet_e,0.0,0.0
AGM4PCPpp,0.0,0.2384999999999845
AGM4PH,0.0,0.2446153846153772
ACS,0.0,999.5463577300279
ACSERtex,-1.9698815714875595,0.0
AGM4Pt2pp,0.0,0.24461538461563873
ACSERtpp,0.0,1.9698815714894464
EX_mn2_e,-0.00024428118392257395,-0.00021985306553031625
ACt2rpp,-1000.0,-0.40480834324954945
AGMH,0.0,0.25105263157894325
AGMHE,0.0,0.0
AGMT,0.0,1.2157947050454545
ACt4pp,0.0,999.5951916567504
AGMt2pp,0.0,0.22714285714284985
EX_mnl_e,0.0,0.0
AGMtex,-1.215794705045496,0.0
AGPAT120,0.0,0.733846153846133
ACtex,-5.0,-0.40480834324944226
ADA,0.0,1.0601261353493718
AGPAT140,0.0,0.7338461538461233
EX_mobd_e,-4.560386791029222e-05,-4.104348111926309e-05
AGPAT141,0.0,0.5611764705882167
ADCL,0.00021285340208362057,0.00023650378009290596
ADCS,0.00021285340208362057,0.00023650378009290596
AGPAT160,0.020303478326702748,0.7541496321728055
ADD,0.0,1.0601261353493407
ADEt2rpp,-0.25750692912497836,0.0
ADEtex,-0.25750692912497836,0.0
AGPAT161,0.02393057665817251,0.5851070472463782
AGPAT180,0.0,0.7338461538461312
AGPAT181,0.0,0.7338461538461309
ADK1,-1000.0,1000.0
AGPR,-1.216027777846545,0.0
EX_mso3_e,0.0,0.0
AGt3,0.0,0.0
ADK3,-1000.0,999.8660531676178
ADK4,-2.3849999999937954,0.0
ADMDC,0.0,0.4208823529408122
AHCYSNS,0.0001419022680557468,0.0001583760849354759
AICART,0.1425427372614938,0.4873620143696606
ADNCYC,0.0,2.3849999999946867
EX_n2o_e,0.0,0.0
AIRC2,0.1425427372614938,0.43285531007165484
AIRC3,-0.4328553100708777,-0.1425427372612368
EX_na1_e,0.0,0.0
AKGDH,0.0,3.991575845372109
AKGt2rpp,-2.9573001764135434,0.0
ALAabcpp,0.0,3.1799999999871718
ALAt2pp_copy1,0.0,1000.0
ALAt2pp_copy2,-1000.0,1.0
AKGtex,-2.9573001764135434,0.0
EX_nac_e,-0.0008053148147259918,0.0
ALAALAabcpp,0.0,0.25105263157900626
ALAALAr,0.008841211266217695,0.25345659588105474
ALAt4pp,0.0,1000.0
ALAtex,-5.0,1.0
ALCD19,-1.0599999999954766,0.0
ALCD2x,-23.41944672627524,0.0
ALDD2y,0.0,2.680528466433548
ALAALAtex,-0.23849999999920288,0.0
ALAGLUE,0.0,0.2073913043477294
ALAR,0.01326181689932654,6.370156655350974
ALATA_D2,0.0,6.352474232822318
ALDD3y,0.0,0.0
EX_nh4_e,-1.1380288879996914,5.0
ALDD4,0.0,0.0
ALLK,0.0,0.0
ALLPI,0.0,0.0
ALATA_L,-1000.0,1000.0
ALATA_L2,0.0,6.3524742328252755
ALATRS,0.0,0.0
ALLTAMH,0.0,0.2860655457163166
ALLTN,0.0,0.2860655457163166
APH120,0.0,2.38499999999897
EX_ni2_e,-0.00011418642895367534,-0.0001027677860583099
ALLTNt2rpp,-0.2697421348403492,0.0
ALLTNtex,-0.2697421348403492,0.0
ALLULPE,0.0,0.0
APH140,0.0,2.3849999999960785
APH141,0.0,2.384999999996079
EX_nmn_e,0.0,0.0
APH160,0.0,2.384999999999002
ALLabcpp,0.0,0.0
APH161,0.0,2.38499999999612
ALLtex,0.0,0.0
EX_no_e,0.0,0.0
ALPATE160pp,0.0,0.0
APH180,0.0,2.3849999999960505
APH181,0.0,2.3849999999960505
ALPATG160pp,0.0,0.0
ALR2,0.0,2.402706231457868
ALR4x,0.0,2.402706231457868
ALTRH,0.0,0.0
APPLDHr,0.0,0.0
APRAUR,0.00014190226805575908,0.00015766918672863723
ARAI,0.0,0.0
AM3PA,0.0,0.25105263157899615
EX_no2_e,0.0,0.0
AM4PA,0.0,0.2446153846154334
AM4PCP,0.0,0.2446153846154334
ARBTNR1,0.0,0.5613309310754233
ARBTNR2,0.0,0.5613309310754298
ARBTNR3,0.0,0.5613309310754182
ARBTNabcpp,0.0,1.1226618621508364
AMALT1,0.0,0.0
AMALT2,0.0,0.0
EX_no3_e,0.0,0.0
AMALT3,0.0,0.0
AMALT4,0.0,0.0
ARBTNexs,0.0,1.1226618621508364
ARBTNtex,0.0,1.1226618621508364
EX_novbcn_e,0.0,0.0
ARBTNtonex,0.0,1.1226618621508364
ARBTNtpp,0.0,1.1226618621508364
AMANAPEr,0.0,0.0
AMANK,0.0,0.0
ARBTptspp,0.0,0.0
EX_o16a4colipa_e,0.0,0.0
ARBTtex,0.0,0.0
AMAOTr,0.0,6.972711031544174e-07
AMMQLT8,0.0,0.0
ARBabcpp,0.0,3.1799999999924613
AMPMS2,0.0,7.883046769031947e-05
AMPN,0.0,2.385000000000449
AMPTASECG,0.0,0.5611764705869238
AMPTASEPG,0.0,0.0
ARBt2rpp,-3.1799999999834254,4.769999999983624
ARBt3ipp,0.0,4.769999999983624
ARBtex,0.0,0.0
AMPtex,0.0,0.0
ARGAGMt7pp,-1000.0,1000.0
ANHGMtex,-0.15899999999867687,0.0
EX_o2_e,0.0,0.0
ANHMK,0.0,0.25105263157900026
ARGDC,0.0,1.2157947050449138
ARGDCpp,0.0,1.150662845846
ARGORNt7pp,-1000.0,1000.0
ANPRT,0.0,0.3077419354839472
ARGSL,0.0,1.8683747743623256
ANS,0.0,0.30774193548336
EX_o2s_e,0.0,0.0
AOBUTDs,0.0,2.9446597645823234
AOXSr2,0.0,6.651880969940384e-07
ARGSS,0.0,1.8683747743593622
EX_ocdca_e,0.0,0.0
ARGTRS,0.0,0.0
ARGabcpp,0.0,1.94564444454408
AP4AH,0.0,2.384999999996147
AP4AS,0.0,2.384999999996147
AP5AH,0.0,0.0
APCS,0.0,0.0
APG3PAT120,0.0,0.7338461538444534
ARGt3pp,0.0,4.769999999990546
ARGtex,-0.1506628458449768,1.0
ASAD,-1.1432116099858831,-0.008841211266217695
ASCBPL,0.0,0.0
ASCBptspp,0.0,0.0
APG3PAT140,0.0,0.7338461538452868
APG3PAT141,0.0,0.5611764705875812
APG3PAT160,0.0,0.754149632171075
ASCBtex,0.0,0.0
EX_ocdcea_e,0.0,0.0
ASNN,0.0,3.308304369445187
ASNNpp,0.0,3.3083043694454863
APG3PAT161,0.0,0.5851070472458527
APG3PAT180,0.0,0.7338461538453533
APG3PAT181,0.0,0.7338461538453609
ASNS1,0.0,1.2515367625103886
EX_octa_e,0.0,0.0
ASNS2,0.0,2.3849999999973264
ASNTRS,0.0,0.0
EX_orn_e,0.0,1.8861481479718805
ASNabcpp,0.0,3.1799999999960296
ASNt2rpp,-3.1033043694308944,1.0
ASPTA,-5.012158676035591,1.5249764306855425
ASPTRS,0.0,0.0
ASPabcpp,0.0,3.1799999999943376
ASNtex,-1.0785847201474827,1.0
ASO3tex,0.0,0.0
ASPt2_2pp,0.0,9.539999999993206
EX_orot_e,0.0,0.0
ASPt2_3pp,0.0,4.769999999996602
ASPt2pp_copy1,0.0,1000.0
ASP1DC,0.0,0.00020362309600756808
ASPCT,0.10524789408408244,0.7866764655111261
ASPK,0.008841211266217695,1.1432116099854142
ASPO3,0.0,0.0
ASPO4,0.0,0.000805233246642603
ASPO5,0.0,0.0008052332466425637
ASPO6,0.0,0.0008052536371143579
ASPt2pp_copy2,-1000.0,4.308304369447994
ASPtex,-2.1087638826800212,1.0
ASR,0.0,0.0
AST,0.0,0.8672727272726606
ATHRDHr,-6.352474232831741,0.0
ASPT,0.0,6.352474232831742
EX_pacald_e,0.0,0.0
ATPHs,0.0,1.0599999999999867
ATPM,3.15,5.53500000000004
EX_peamn_e,0.0,0.0
ATPPRT,0.0,0.34481927710843174
ATPS4rpp,-6.2057867626571195,2.9136791429426916
BALAt2pp,0.0,0.0
CCGS,0.0,0.0
CD2abcpp,0.0,2.384999999999986
BALAtex,0.0,0.0
EX_phe__L_e,-0.06549457820465364,0.3682190587203399
BETALDHx,0.0,0.0
BETALDHy,0.0,0.0
CD2t3pp,0.0,9.540000000000022
CD2tex,0.0,0.0
CD2tpp,0.0,9.540000000000022
BMOCOS,3.881631547713253e-05,4.312923941903615e-05
CDAPPA120,0.0,2.3849999999999345
BMOGDS1,3.881631547713253e-05,4.312923941903615e-05
BMOGDS2,3.881631547713253e-05,4.312923941903615e-05
BPNT,0.0,0.49861979363491965
BTNt2ipp,0.0,6.719265917208911e-07
CDAPPA140,0.0,2.385000000000073
CDAPPA141,0.0,2.385000000000074
CDAPPA160,0.0,2.385000000000075
CDAPPA161,0.0,2.3850000000000784
BTNtex,0.0,7.07036711787478e-07
EX_pheme_e,0.0,0.09400835128660123
BTS5,0.0,6.87984570924654e-07
BUTCT,0.0,3.411825671689287
CDAPPA180,0.0,2.384999999999979
CDAPPA181,0.0,2.3850000000000833
CDGR,0.0,0.0
BUTSO3abcpp,0.0,0.0
BUTSO3tex,0.0,0.0
EX_pi_e,-0.7611990029334246,-0.3069132886476862
BUTt2rpp,0.0,3.4118256716892885
CDGS,0.0,0.0
CDPMEK,0.0007600998170071296,0.0008445553522301423
BUTtex,0.0,3.411825671689626
EX_pnto__R_e,-0.00020362657299463204,0.0
BWCOGDS1,0.0,0.0
BWCOGDS2,0.0,0.0
CFAS160E,0.0,0.0
CFAS160G,0.0,0.0
CFAS180E,0.0,0.0
BWCOS,0.0,0.0
EX_ppa_e,0.0,0.0
CA2t3pp,0.0,999.9983439432618
CA2tex,0.0016560567381842203,0.0018400630424366682
CADVtpp,0.0,1.7012542890208187
CFAS180G,0.0,0.0
CGLYabcpp,0.0,0.5611764705882418
CGLYtex,-0.5299999999999865,0.0
CHLabcpp,0.0,0.0
CHLt2pp,0.0,0.0
CHLtex,0.0,0.0
CAT,0.0,0.0
CAt6pp,-1000.0,-0.001656056738170264
CHOLD,0.0,0.0
CBIAT,0.0,0.0
CHORM,0.0,0.42716417910448407
CMtex,0.0,9.539999999998923
CHORS,0.00028380453611155816,0.42744798364059233
CHRPL,7.09511340278734e-05,7.88345933643039e-05
CHTBSptspp,0.0,0.0
CBItonex,0.0,0.0
CBIuabcpp,0.0,0.0
CBL1abcpp,0.0,0.0
CBL1tonex,0.0,0.0
CBLAT,0.0,0.0
CBMD,0.0,0.0
CHTBStex,0.0,0.0
CITL,0.0,4.306922631454166
CBMKr,-2.052177757053,0.4657102032200543
CITt3pp,0.0,9.540000000000218
CMtpp,0.0,9.539999999998868
CITt7pp,0.0,9.540000000000221
CITtex,-1.8138152417063873,0.0
CLIPAabctex,0.0,0.060252631578947974
CLPNH120pp,0.0,0.596249999999989
CLPNH140pp,0.0,0.5962500000000029
CLPNH141pp,0.0,0.5962499999999894
CBPS,0.0,1.251536762510896
CUt3,0.0,0.0
CUtex,0.0,0.0
CYANST,0.0,0.0
CLPNH160pp,0.0,0.5962499999999722
CLPNH161pp,0.0,0.5962499999999834
CYANSTpp,0.0,0.0
CLPNH180pp,0.0,0.5962500000000073
CYANtex,0.0,0.0
CO2tex,-28.332258999747864,1.822461747496634
CYNTtex,0.0,0.0
CYSDDS,0.0,0.0
CLPNH181pp,0.0,0.5962499999999952
CLPNS120pp,0.0,0.5962499999999825
CLPNS140pp,0.0,0.5962499999999825
CYSDS,0.0,2.144619126637812
CO2tpp,-28.332258999747864,1.822461747496637
CYSDabcpp,0.0,0.0
CLPNS141pp,0.0,0.5962499999999854
CLPNS160pp,0.0,0.5962499999999982
CYSDtex,0.0,0.0
CYSS,0.0,1.632025415266657
CLPNS161pp,0.0,0.5962499999999693
COBALT2abcpp,0.0,2.384999999999935
CLPNS180pp,0.0,0.5962500000000037
CLPNS181pp,0.0,0.5962499999999702
CLt3_2pp,0.0008280283690921101,0.0009200315212134569
CYSSADS,0.0,0.0
CYSTL,0.0,0.33631443143367484
CYSTRS,0.0,0.0
CYSabc2pp,0.0,1.192499999999967
CYSabcpp,0.0,2.657367742710369
CYStex,-0.4687961366876697,1.0
CLtex,0.0016560567381842203,0.0018400630424269138
CMPN,0.0,0.8343578416739446
CMPtex,0.0,0.0
CYStpp,0.0,2.384999999999931
COBALT2t3pp,0.0,9.539999999999104
CYTBD2pp,0.0,0.0
CYTBDpp,0.0,0.0
CU2tpp,0.00022558006289579482,2.385225580062883
COBALT2tex,7.954163007609127e-06,8.837958897343486e-06
DASYN160,0.020303478326702748,2.405303478326689
CYTBO3_4pp,0.0,0.0
CYTD,0.0,0.8343578416739608
COBALT2tpp,7.954163007609127e-06,9.540007954162247
CYTDH,0.0,0.6257683812554675
CYTDK2,0.0,2.3849999999998923
CYTDt2pp_copy1,0.0,1000.0
DASYN161,0.02393057665817251,2.4089305766580327
DASYN180,0.0,2.384999999999952
DASYN181,0.0,2.384999999999952
CYTDt2pp_copy2,-1000.0,0.0
COLIPAKpp,0.0,0.0
CYTDtex,-0.30126315789470937,0.0
CYTK1,-0.7767999273182677,2.442557914355668
CYTK2,-0.7908824365947905,2.3849999999999896
D_LACt2pp,-5.0,2.0
D_LACtex,-5.0,2.0
DAAD,0.0,4.2311002761700385
DATPHs,0.0,0.6980487804878037
DB4PS,0.00028380453611146265,0.00031533837345696053
DBTS,0.0,7.070360934619457e-07
DC6PH,0.0,0.0
DCAtex,0.0,0.0
DCMPtex,0.0,0.0
DCTPD,0.0,0.7935114298064794
DADA,0.0,1.0601261353493912
DADK_copy1,-1000.0,1000.0
DADNt2pp,0.0,0.0
COLIPAPabctex,0.0,0.0
DADNtex,0.0,0.0
DAGK120,0.0,2.384999999999941
DCYTD,0.0,0.7908824365947987
DCYTt2pp,0.0,0.0
DCYTtex,0.0,0.0
DDCAtexi,0.0,0.0
DDGALK,0.0,0.0
DAGK140,0.0,2.3849999999999882
DAGK141,0.0,2.3849999999999882
DDGLCNt2rpp,0.0,0.0
COLIPAabcpp,0.0,0.0
DDGLCNtex,0.0,0.0
DAGK160,0.0,2.3849999999999882
DAGK161,0.0,2.3850000000000406
DAGK180,0.0,2.384999999999989
DAGK181,0.0,2.3850000000000398
DALAt2pp,0.0,0.48142060563311156
DDGLK,0.0,0.0
DDPA,0.000283804536111494,0.7157838045361
DDPGALA,0.0,0.0
DGK1,-2.0442857142856563,2.38499999999991
DALAtex,-0.4814206056330915,0.0
DAMPtex,0.0,0.0
DGMPtex,0.0,0.0
COLIPAabctex,0.0,0.0
DGSNt2pp,0.0,0.0
DGSNtex,0.0,0.0
DAPAL,0.0,0.0
DAPDC,0.0,0.8104366302949869
DAPE,0.008841211266217695,0.8192778415612046
DHAD1,0.0,4.808796943211194
CPGNR1,0.0,0.5613309310759844
DHAD2,0.0,1.469761345195721
DAPabcpp,0.0,0.0
DAPtex,-1.7012542890208053,0.0
DHAPT,0.0,11.631762693985166
DASYN120,0.0,2.384999999999911
CPGNR2,0.0,0.5613309310759911
DASYN140,0.0,2.384999999999918
DHAtex,-2.3849999999999216,0.0
DHAtpp,-2.3849999999999216,0.0
CPGNR3,0.0,0.5613309310759876
DHBD,0.0,0.28909090909089963
DHBS,0.0,1.1924999999999581
DHBSH,0.0,1.1924999999999581
DHDPRy,0.008841211266217695,0.8192778415612174
DASYN141,0.0,2.3849999999999163
DINSt2pp,0.0,0.0
DINStex,0.0,0.0
DHDPS,0.008841211266217695,0.8192778415612003
CPGNUtex,0.0,1.122661862151945
DHFR,0.008537998572367561,0.580937998572345
DHFS,0.00021285340208354597,0.00023650378009291094
DKGLCNR1,0.0,0.0
DKGLCNR2x,0.0,0.0
DKGLCNR2y,0.0,0.0
DHMPTR,0.0,0.0
DHNAOT4,0.0,0.0
CPGNUtpp,0.0,1.122661862151946
DHNCOAS,0.0,0.0
DHNCOAT,0.0,0.0
DMATT,8.845029264461362e-05,9.827810293845933e-05
DMPPS,0.0,0.0008445553522301416
DMQMT,0.0,0.0
DHNPA2r,0.00021285340208354597,0.00023650378009291094
CPGNabcpp,0.0,1.1226618621520021
DHNPTE,0.0,0.0
DHORD2,0.0,0.0
DMSOR1,0.0,0.0
CPGNexs,0.0,1.1226618621520128
DMSOR2,0.0,0.0
DHORD5,0.0,0.7866764655126628
DMSOtex,0.0,0.0
DHORDfum,0.0,0.7866764655126394
DHORTS,-0.7866764655126074,-0.10524789408408244
DHPPDA2,0.00014190226805575908,0.0001576691867286176
DMSOtpp,0.0,0.0
DMStex,0.0,0.0
DHPS2,0.00021285340208354597,0.00023650378009291094
DNMPPA,0.00021285340208354597,0.00023650378009291094
CPGNtonex,0.0,1.1226618621519755
DNTPPA,0.00021285340208354597,0.00023650378009291094
DOGULNR,0.0,0.0
DHPTDCs2,0.0001419022680557468,0.00015837608493547497
DHPTDNR,0.0,0.0
DHPTDNRN,0.0,0.0
DOPAtex,0.0,0.0
DHPTPE,0.0,0.0
CPH4S,0.0,0.0
DHQS,0.0002838045361114194,0.7157838045360996
DHQTi,0.0002838045361114194,0.427447983640616
DOXRBCNtex,0.0,9.539999999999386
DOXRBCNtpp,0.0,9.539999999999386
DPCOAK,0.00018326391569623013,0.00020362657299472235
DIMPtex,0.0,0.0
CPMPS,7.763263095426506e-05,8.625847883807223e-05
DPR,0.0,0.0002036230960074887
DRPA,0.0,2.044285714285813
DSBAO1,0.0,0.0
EAR160x,0.0,0.6429918093458399
CPPPGO,0.0,0.0
EAR160y,0.0,0.6040226087794262
EAR161x,0.0,0.6479059425691205
DSBAO2,0.0,0.0
DSBCGT,0.0,0.0
DSBDR,0.0,0.0
DSBGGT,0.0,0.0
EAR161y,0.0,0.6086389157467488
EAR180x,0.0,0.6154838709676967
EAR180y,0.0,0.5781818181817963
DSERDHr,-2.83327302557461,0.0
CPPPGO2,7.09511340278734e-05,0.09407930242062869
DSERt2pp,0.0,0.0
DSERtex,0.0,0.0
DTARTD,0.0,0.0
EAR181x,0.0,0.6154838709677032
EAR181y,0.0,0.5781818181817668
EAR40x,0.0,0.2875470526977524
EAR40y,0.0,0.2781427585105041
EAR60x,0.0,0.28754705269774017
DTMPK,0.008325145170284015,2.393325145170155
CRNBTCT,0.0,0.0
DTMPtex,0.0,0.0
DUMPtex,0.0,0.0
EAR60y,0.0,0.27814275851050557
EAR80x,0.0,0.2875470526977397
DURADx,0.0,0.0
CRNCAL2,0.0,0.0
DURIK1,0.0,2.384999999999966
DURIPP,-0.48199508710215283,2.0442857142857376
EAR80y,0.0,0.2781427585105116
ECA4COLIPAabctex,0.0,0.0
CRNCAR,0.0,0.0
ECAP1pp,0.0,0.0
ECAP2pp,0.0,0.0
ECAP3pp,0.0,0.0
DURIt2pp,0.0,0.0
DURItex,0.0,0.0
DUTPDP,0.0,2.384999999999898
DXPRIi,0.0007600998170071296,0.0008445553522301429
DXPS,0.000831050951035003,0.0010021720892468841
DXYLK,0.0,0.0
ECAtpp,0.0,0.0
ECOAH1,-1.940422242132872,4.883229101245677
E4PD,7.09511340278734e-05,0.9232967575855309
ECOAH2,-0.08853810571871082,4.883229101245682
CRNCBCT,0.0,0.0
ECOAH3,-0.17431795145182863,0.4770426605679383
EAR100x,0.0,0.4664652188207711
EAR100y,0.0,0.4466156350411631
EAR120x,0.0,0.6332609309312026
ECOAH4,-0.3532361175748636,0.47704266056793904
CRNCDH,0.0,0.0
ECOAH5,-0.5200318296852882,0.47704266056793904
ECOAH6,-0.5414246811007221,0.2089733731276441
ECOAH7,-0.5869457709775123,0.1487207415486973
EAR120y,0.0,0.5951693264682387
EAR121x,0.0,0.3800309892724188
EAR121y,0.0,0.3666965685961883
EAR140x,0.0,0.6298927910705587
EAR140y,0.0,0.5917174703996021
ECOAH8,-0.615483870967747,0.0
CRNDCAL2,0.0,0.0
EDA,0.0,2.6805284664377105
EDD,0.0,2.6805284664377105
EDTXS1,0.0,0.06063559322033981
EDTXS2,0.0,0.06063559322033981
EDTXS3,0.0,0.06025263157894826
EDTXS4,0.0,0.06025263157894826
EGMEACPR,0.0,6.600222750176472e-07
EAR141x,0.0,0.3800309892724174
EAR141y,0.0,0.36669656859616473
FA160ACPHi,0.0,2.384999999999952
FA161ACPHi,0.0,2.3849999999999514
FA80ACPHi,0.0,2.3849999999999425
ENLIPAabctex,0.0,0.056338582677163414
CRNDabcpp,0.0,3.1799999999997555
ENO,16.778035051410605,20.858735767842113
ENTCS,0.0,0.3975000000000095
FACOAE100,0.0,0.6332609309313957
FACOAE120,0.0,0.9352660844501495
FACOAE140,0.0,0.9298417391994205
ENTERES,0.0,0.3974999999999927
FACOAE141,0.0,0.9336415564990612
CRNDt2rpp,-3.1799999999999033,1000.0
FACOAE160,0.0,0.9491783852248399
FACOAE161,0.0,0.9564325818877794
ENTERES2,0.0,0.2940396668104457
EPMEACPR,0.0,7.068739578911602e-07
ETHAAL,0.0,0.5959348590040934
FACOAE180,0.0,0.9085714285713999
ETHAt2pp,0.0,0.561176470588224
CRNDtex,0.0,0.0
ETHAtex,-0.5959348590041222,0.0
FACOAE181,0.0,0.9085714285713984
FACOAE60,0.0,4.769999999999868
CRNabcpp,0.0,3.1799999999998896
FACOAE80,0.0,0.4664652188207796
FACOAL100t2pp,0.0,0.0
FACOAL120t2pp,0.0,0.9085714285713903
FACOAL140t2pp,0.0,0.9085714285748172
ETHSO3abcpp,0.0,0.0
ETHSO3tex,0.0,0.0
ETOHtex,-23.41944672628878,0.0
ETOHtrpp,-23.41944672628878,0.0
F6PA,-1.8683747743619992,11.631762693993098
F6PP,0.0,2.385000000006368
FACOAL141t2pp,0.0,0.9085714285724887
F6Pt6_2pp,0.0,0.0
FACOAL160t2pp,0.0,0.9085714285724887
F6Ptex,0.0,0.0
CRNt2rpp,-1000.0,0.0
FA100ACPHi,0.0,2.385000000002953
FA120ACPHi,0.0,2.3850000000034126
FACOAL161t2pp,0.0,0.9085714285724887
FACOAL180t2pp,0.0,0.9085714285724887
FACOAL181t2pp,0.0,0.9085714285724887
FA140ACPHi,0.0,2.3850000000027585
CRNt7pp,0.0,0.0
FA141ACPHi,0.0,2.385000000002953
FACOAL60t2pp,0.0,2.385000000002953
FACOAL80t2pp,0.0,0.0
FADRx,0.0,10.235477015072556
CRNt8pp,0.0,1000.0
FADRx2,0.0,4.231100276155309
FALDH2,0.0,0.0
FALDtex,0.0,0.0
FALDtpp,0.0,0.0
FE3HOXUtex,0.0,1.1226618621520288
FE3HOXUtpp,0.0,1.1226618621520288
FE3HOXabcpp,0.0,1.1226618621520288
FE3HOXexs,0.0,1.1226618621520288
FE3HOXtonex,0.0,1.1226618621520288
FE3Ri,0.0,0.8675114389373347
FALGTHLs,0.0,0.0
CRNtex,0.0,0.0
FBA,-2.384999999999857,11.647374080687301
FBA3,0.0,12.18050981701802
FBP,0.0,2.385000000004273
FE3abcpp,0.0,1.7375071220564133
FE3tex,0.0,1.7375071220564133
FECRMR1,0.0,0.5613309310765798
FCI,0.0,0.0
FECRMR2,0.0,0.5613309310765798
CS,0.0,2.385000000002151
FECRMR3,0.0,0.5613309310765798
FECRMUtex,0.0,1.1226618621531597
FCLK,0.0,0.0
FCLPA,0.0,0.0
FCLT,7.09511340278734e-05,0.09407930242009668
FDH4pp,0.0,0.0
FECRMUtpp,0.0,1.1226618621472566
FDH5pp,0.0,3.986761975064021
CSND,0.0,0.8343578416759716
FDMO,0.0,0.0
FECRMabcpp,0.0,1.1226618621536706
FECRMexs,0.0,1.1226618621536706
FECRMtonex,0.0,1.1226618621536706
FDMO2,0.0,0.0
FDMO3,0.0,0.0
FDMO4,0.0,0.0
FDMO6,0.0,0.0
FEENTERR1,0.0,0.5613309310768353
FE2abcpp,0.0,1.9085251656506657
FEENTERR2,0.0,0.5613309310768353
CSNt2pp,0.0,0.0
FEENTERR3,0.0,0.5613309310768353
FEENTERabcpp,0.0,1.1226618621536706
FEENTERexs,0.0,1.1226618621536706
FE2t2pp,0.0,4.771312914128316
FE2t3pp,0.0,9.53999999999785
FE2tex,-1.732397049579078,0.01
FE2tpp,0.0,9.542625828289921
FEENTERtex,0.0,1.1226618621619253
FE3DHBZR,0.0,0.0
CSNtex,0.0,0.0
FE3DHBZSabcpp,0.0,0.0
FEENTERtonex,0.0,1.1226618621619253
FEENTERtpp,0.0,1.1226618621619253
FE3DHBZStonex,0.0,0.0
FEOXAMR1,0.0,0.5613309310809627
FE3HOXR1,0.0,0.5613309310809627
CTBTCAL2,0.0,0.0
FE3HOXR2,0.0,0.5613309310809627
FE3HOXR3,0.0,0.5613309310809627
FEOXAMR2,0.0,0.5613309310809627
FEOXAMR3,0.0,0.5613309310809627
FEOXAMUtex,0.0,1.1226618621619253
FEOXAMUtpp,0.0,1.1226618621619253
FEOXAMabcpp,0.0,1.1226618621619253
CTBTabcpp,0.0,3.18000000000991
FEOXAMexs,0.0,1.1226618621619253
FEOXAMtonex,0.0,1.1226618621619253
FRULYStex,0.0,0.0
FRUURtex,0.0,0.0
FRUpts2pp,0.0,0.0
FEROpp,0.0,0.0
FESD1s,0.0,0.0
FRUptspp,0.0,0.0
CTBTt2rpp,-3.179999999999869,0.0
FRUtex,0.0,0.0
FTHFD,0.0,3.4472927501109183
FTHFLi,0.0,2.8031572700311873
FESD2s,0.0,0.0
FESR,0.0,0.0
FHL,0.0,0.0
CTECOAI6_copy1,-1000.0,0.37219916418427135
FUCtex,0.0,0.0
FUCtpp,0.0,0.0
FLDR2,0.0,6.352474232815796
CTECOAI7_copy1,-1000.0,0.60004478925266
FLVR,0.0,0.5301458793499023
FUM,-4.79245679714022,6.129144910987091
FUMt2_2pp,0.0,0.0
FUMt2_3pp,0.0,0.0
FUMtex,0.0,0.0
FUSAtex,0.0,9.54000000001055
FLVRx,0.0,0.5613309310750222
FMETTRS,0.0,0.0
FMNAT,7.095113402789793e-05,7.883459336431493e-05
FMNRx,0.0,0.5613309310765863
FUSAtpp,0.0,9.539999999998273
G1PACT,0.030062918170518843,0.532168181328787
FMNRx2,0.0,0.5301458793503571
CTECOAI8_copy1,-1000.0,0.6154838709685464
FOMETRi,0.0,1000.0
FORCT,0.0,0.0
FORt2pp,0.0,9.540000000017145
G1PPpp,0.0,0.0
G1PTT,0.0,0.0
G1Ptex,0.0,0.0
G1SAT,0.0011352181444459744,0.7532020284343804
CTPS2,0.051073680671858204,0.8882065707363885
G2PP,0.0,0.0
G2PPpp,0.0,0.0
FORtex,-22.110956338880438,0.0
FORtppi,0.0,22.11095633881882
FRD2,0.0,4.9997871465979165
G3PAT120,0.0,0.7338461538489249
CU1Opp,0.0,0.0
G3PAT140,0.0,0.7338461538489951
G3PAT141,0.0,0.5611764705891061
FRD3,0.0,4.894539252513834
FRUK,0.0,0.0
G6PDA,0.0,2.503073525025102
G3PAT160,0.0,0.754149632173739
G3PAT161,0.0,0.5851070472472617
G3PAT180,0.0,0.7338461538471499
G6PDH2r,0.0,3.257062668987814
G6PP,0.0,2.3850000000066114
CU1abcpp,0.0,0.0
G6Pt6_2pp,0.0,0.0
G3PAT181,0.0,0.7338461538475727
G3PCabcpp,0.0,0.0
G6Ptex,0.0,0.0
CU2abcpp,0.0,2.385000000008045
GAL1PPpp,0.0,0.0
G3PCtex,0.0,0.0
G3PD2,-2.2327646135022867,-0.04423405498487526
GAL1Ptex,0.0,0.0
GALBDtex,0.0,0.0
CU2tex,0.00022558006289579482,0.00025064451432865866
GALCTD,0.0,0.0
G3PD5,0.0,0.0
G3PD6,0.0,2.1885305585154327
GALCTLO,0.0,0.0
GALCTND,0.0,0.0
G3PD7,0.0,2.1885305585154327
GLCNtex,0.0,0.0
G3PEabcpp,0.0,0.47700000000003406
G3PEtex,-0.397499999999981,0.0
G3PGabcpp,0.0,0.39749999999997243
G3PGtex,-0.29812499999997444,0.0
G3PIabcpp,0.0,0.0
G3PItex,0.0,0.0
G3PSabcpp,0.0,0.0
GALCTNLtex,0.0,0.0
GALCTNt2pp,0.0,0.0
GALCTNtex,0.0,0.0
GALCTt2rpp,0.0,0.0
GALCTtex,0.0,0.0
GALKr,0.0,0.0
GALM2pp,0.0,0.0
G3PStex,0.0,0.0
G3PT,0.0,2.3849999999999403
G5SADs,0.0,1.9477900222521742
GALS3,0.0,0.0
GLCP,0.0,1000.0
GALTptspp,0.0,0.0
GALTtex,0.0,0.0
G5SD,0.0,1.9477900222521756
GALURt2rpp,0.0,0.0
GLCP2,0.0,1000.0
GALURtex,0.0,0.0
GLYC3Ptex,-0.45428571428570785,0.0
GLCRAL,0.0,0.0
GLYCAt2rpp,-1.3326242341725056,0.0
GALUi,0.0,2.3849999999980582
GALabcpp,0.0,0.0
GALt2pp,0.0,0.0
GALtex,0.0,0.0
GAM6Pt6_2pp,0.0,0.0
GLYCAtex,-1.3326242341726264,0.0
GLYCDx,0.0,1.8683747743595958
GLYCK,0.0,1.4460925147734027
GLYCK2,0.0,1.4460925147734027
GLYCL,0.0,2.635914302127843
GAMAN6Ptex,0.0,0.0
GAMptspp,0.0,0.0
GLYCLTDx,0.0,3.563371234255855
GLCRD,0.0,0.0
GLYCLTDy,0.0,2.365173598447723
GLYCLTt2rpp,-1000.0,0.0
GAMtex,0.0,0.0
GAPD,16.77803505141068,19.45856351784837
GARFT,-2.6606145327737156,0.4328553100715091
GART,0.0,2.8031572700344896
GBBTNtex,0.0,0.0
GLYCLTt4pp,0.0,1000.0
GLYCLTtex,-2.8922914562493816,0.0
GLYCTO2,0.0,0.0
GCALDD,0.00021285340208362057,0.0002365037800929108
GLYCTO3,0.0,3.151610614619525
GDMANE,0.0,0.0
GLCRt2rpp,0.0,0.0
GDPDPK,0.0,2.3849999999997635
GDPMNH,0.0,2.3849999999997635
GDPMNP,0.0,2.3849999999997635
GDPTPDP,0.0,2.3849999999997635
GLYCTO4,0.0,3.151610614619525
GLYCtex,-1.1925000000002055,0.0
GLYCtpp,-0.5962500000000825,1.1924999999998973
GLYK,0.0,2.3849999999999847
GLYOX,0.0,2.2425258160300876
GLYOX3,0.0,2.242525816030076
GLYTRS,0.0,0.0
GDPtex,0.0,0.0
GF6PTA,0.030062918170518843,2.5331364431921823
GLCRtex,0.0,0.0
GHBDHx,0.0,0.0
GHMT2r,-1.8468619931134995,2.183770208146284
GK1,0.07754227166249864,2.462542271662626
GLYt2pp_copy1,0.0,1000.0
GLYt2pp_copy2,-1000.0,1.0
GLYt4pp,0.0,1000.0
GLYtex,-2.7655918601810754,1.0
GLBRAN2,0.0,1000.0
GLCS1,0.0,1000.0
GLCATr,0.0,0.0
GMAND,0.0,0.0
GMHEPAT,0.0,0.0
GLCDpp,0.0,0.0
GLCTR1,0.0,0.0
GLCNt2rpp,0.0,0.0
GMHEPK,0.0,0.0
GLYC3Pt6pp,0.0,0.7338461538455476
GMHEPPA,0.0,0.0
GMPR,0.0,1.1115401815248411
GMPS2,0.07754227166249868,1.1890824531873396
GTHRDHpp,0.0,0.5611764705885207
GMPtex,0.0,0.0
GLCUR1Ptex,0.0,0.0
GND,0.0,3.257062668978774
GNK,0.0,0.0
GTHRDabc2pp,0.0,1.1924999999999386
GTHRDabcpp,0.0,1.1924999999999386
GTHRDtex,-0.5021052631578893,0.0
GOFUCR,0.0,0.0
GP4GH,0.0,0.0
GLCURt2rpp,0.0,0.0
GPDDA1,0.0,0.0
GPDDA1pp,0.0,0.0
GTHS,0.0,0.5611764705881797
GTPCI,0.00021285340208361536,0.00023650378009291013
GLCURtex,0.0,0.0
GTPCII2,0.00014190226805575908,0.00015766918672863666
GTPDPDP,0.0,1.1925000000000745
GPDDA2,0.0,0.5959348590034359
GPDDA2pp,0.0,0.5959348590050926
GLCabcpp,0.0,2.384999999997717
GPDDA3,0.0,0.0
GPDDA3pp,0.0,0.0
GTPDPK,0.0,2.384999999997717
GTPHs,0.0,0.8343578416740307
GPDDA4,0.0,0.4769999999990091
GTPtex,0.0,0.0
GPDDA4pp,0.0,0.47699999999957754
GPDDA5,0.0,0.0
GPDDA5pp,0.0,0.0
GRTT,8.845029264461362e-05,9.827810293845882e-05
GUACYC,0.0,2.3850000000001583
GUAD,0.0,0.8343578416733209
GUAPRT,0.0,2.38500000000092
GRXR,0.0,1.6966400297647652
GUAt2pp,0.0,9.540000000004266
GSNK,0.0,2.385000000000158
GLCptspp,0.46000000000032415,10.0
GSNt2pp,0.0,0.0
GSNtex,0.0,0.0
GSPMDA,0.0,2.3849999999992995
GUAtex,-0.22658339326708515,0.0
GUAtpp,-9.539999999998859,0.0
GUI1,0.0,0.0
GSPMDS,0.0,2.3849999999992995
GLCt2pp,0.0,9.540000000003372
GTHOXtex,0.0,0.0
GTHOr,0.0,1.6966400297655617
GUI2,0.0,0.0
GUR1PPpp,0.0,0.0
H2O2tex,0.0,0.0
H2Otex,-3.8388744945864293,12.754083262419469
GTHPi_copy1,0.0,0.0
GLCtex_copy1,-991.1924999999999,10.0
H2Otpp,-5.498325914078481,12.281789162331608
H2SO,0.0,0.0
GLCtex_copy2,0.0,1000.0
H2St1pp,0.0,1.4687961366876696
H2Stex,-1.4687961366876696,0.0
H2tex,0.0,0.0
H2tpp,0.0,0.0
HISTP,0.0,0.3448192771084964
HISTRS,0.0,0.0
HISabcpp,0.0,3.179999999999154
HISt2rpp,-3.149857540199171,0.03349162200066094
HIStex,-0.31467681730782826,0.03349162200066094
HMBS,0.0001419022680557468,0.09415025355470738
HACD1,-1.9404222421326702,1000.0
HACD2,-0.08853810571870917,1000.0
HACD3,-0.1743179514518065,1000.0
GLDBRAN2,0.0,1000.0
HACD4,-0.3532361175748435,1000.0
HACD5,-0.5200318296852572,1000.0
HACD6,-0.5414246811007118,1000.0
HMPK1,0.0,0.0
HOMt2pp,0.0,1.1343703987167117
HOMtex,-1.1343703987197264,0.0
HPPK2,0.00021285340208362057,0.00023650378009291284
HACD7,-0.5869457709774385,1000.0
GLGC,0.0,1000.0
HACD8,-0.6154838709677815,1000.0
HBZOPT,7.09511340278734e-05,7.883459336430433e-05
HPPPNtex,0.0,0.0
HPYRI,-1000.0,0.0
HPYRRx,0.0,1000.0
HPYRRy,0.0,6.352474232796643
HCINNMtex,0.0,0.0
HCO3E,0.16730372853729078,2.5523037285510597
HDCAtexi,0.0,0.0
HDCEAtexi,0.0,0.0
HSDy,-1.1343703987197578,0.0
HSK,0.0,1.0245926182050935
HSST,0.0,0.33631443142959544
HSTPT,0.0,0.34481927711066546
HEMEOS,0.0,0.0
HEPK1,0.0,0.0
HXAND,0.0,0.8238595803854367
GLNS,0.0,2.7807794249542237
HXAtex,-4.76999999999959,0.0
HXCT,0.0,2.384999999998062
HXPRT,0.0,2.385000000024408
HEPT1,0.0,0.0
HEPT2,0.0,0.0
HEPT3,0.0,0.0
HETZK,0.0,0.0
HEX1,0.0,9.53999999999077
HEX4,0.0,2.384999999997523
HYD1pp,0.0,0.0
HYD2pp,0.0,0.0
GLNTRS,0.0,0.0
HYD3pp,0.0,0.0
HEX7,0.0,9.539999999977693
HEXt2rpp,-4.769999999998633,0.0
HYPOE,0.0,2.3849999999958853
GLNabcpp,0.0,1.0
HYXNtex,-0.2832292415824721,0.0
HYXNtpp,-0.2832292415824721,0.0
Htex,-28.957293334591668,1000.0
I2FE2SR,0.0,6.39490071651637e-07
I2FE2SS,0.0,0.00010110624978560946
HG2abcpp,0.0,0.0
HG2t3pp,0.0,0.0
HG2tex,0.0,0.0
HISTD,0.0,0.3448192771082794
I2FE2SS2,0.0,9.191477253237205e-05
I2FE2ST,0.0,9.898505308467218e-06
I4FE4SR,0.0,9.191477253237205e-05
GLNtex,0.0,1.0
I4FE4ST,0.0,9.191477253237225e-05
ICDHyr,-3.2566072972551923,1.755520003020294
ILETA,-1.4697613451948848,0.0
ILETRS,0.0,0.0
ILEabcpp,0.0,3.179999999994915
ILEt2rpp,-3.34942766269417,0.10270733441945207
ICHORS_copy1,-1000.0,0.289090909090068
ICHORS_copy2,0.0,1000.0
ILEtex,-1.3773247442247658,0.10270733441945222
GLTPD,0.0,0.0
IMPC,-0.487362014368955,-0.14254273726115832
ICHORT,0.0,0.2890909090900626
ICL,0.0,2.892078602844279
IMPD,0.0,1.1890824531864583
GLU5K,0.0,1.9477900222496203
IMPtex,0.0,0.0
ICYSDS,0.00015526526190853013,0.000638066680499551
IDOND,-6.352474232832026,0.0
IDOND2,0.0,6.35247423281857
IDONt2rpp,0.0,0.0
INDOLEt2rpp,-1.2896563959695728,1000.0
INDOLEtex,-1.2896563959695728,0.0
INOSTt4pp,0.0,1000.0
INSH,0.0,2.384999999996251
IDONtex,0.0,0.0
IG3PS,0.0,0.3448192771083452
IGPDH,0.0,0.3448192771083452
INSK,0.0,2.384999999996298
GLUABUTt7pp,0.0,1000.0
INSTtex,0.0,1000.0
INSt2pp_copy1,0.0,1000.0
IGPS,0.0,0.30774193548479056
INSt2pp_copy2,-1000.0,0.0
GLUCYS,0.0,0.5611764705876758
INStex,-0.2277666202085129,0.0
IPDDI,-0.0007462772492916764,9.827810293845909e-05
LALADGLUtpp,0.0,0.0
LALALGLUtex,0.0,0.0
IPDPS,0.0,0.000844555352230139
LALALGLUtpp,0.0,0.0
GLUDC,0.0,4.140220246982835
LALDO2x,0.0,3.10323641700614
IPMD,0.0,2.5777993756257755
IPPMIa,-2.5777993756279676,0.0
LALDO3,0.0,2.4027062314581946
IPPMIb,-2.5777993756279676,0.0
GLUDy,-5.5994920716577345,4.602900119655219
IPPS,0.0,2.5777993756273916
LALGP,0.0,0.20739130434746267
LCADi,0.0,1.6717037454779051
LCARR,0.0,3.1032364170051236
LCARS,0.0,2.4027062314541707
LCTSt3ipp,0.0,4.769999999990412
ISETACabcpp,0.0,0.0
ISETACtex,0.0,0.0
K2L4Aabcpp,0.006190247819041726,0.07183244965376709
LCTStex,0.0,0.0
K2L4Aabctex,0.006190247819041726,0.07183244965376709
LCTStpp,0.0,4.769999999990074
GLUN,0.0,2.5030735250226073
LDH_D,-5.0,4.242525816027847
LDH_D2,0.0,0.0
KARA1,-4.808796943209581,0.0
KARA2,0.0,1.469761345193267
KAS14,0.0,0.28754705269685576
KAS15,0.0,0.28754705269685576
LEUTAi,0.0,2.5777993756273676
LEUTRS,0.0,0.0
GLUNpp,0.0,1.0
LEUabcpp,0.0,3.179999999988866
LEUt2rpp,-1000.0,1000.0
KDOCT2,0.012380495638083452,0.14366489930766083
KDOPP,0.012380495638083452,0.14366489930766083
KDOPS,0.012380495638083452,0.14366489930766083
LEUtex,-2.4344554950745305,0.1592709783991495
KG6PDC,0.0,0.0
LGTHL,0.0,2.242525816027575
GLUPRT,0.14254273726083877,0.43285531007147826
LIPACabcpp,0.0,0.060252631578846264
LIPAHT2ex,0.0,0.0
LIPAHTex,0.0,0.0
LIPAMPL,0.0,0.0
Kabcpp,0.0,1.932841551032199
Kt2pp,0.0,4.832103877586926
Kt3pp,0.0,4.769999999989156
Ktex,0.062103877597769926,0.06900430844196644
L_LACD2,0.0,0.0
L_LACD3,0.0,2.4338829645413114
L_LACt2rpp,-1.6717037454837516,2.0
LIPATPT,0.0,0.0
LIPAabcpp,0.0,0.060635593220197466
LIPAabctex,0.0,0.060635593220197466
L_LACtex,-1.6717037454837516,2.0
GLUR,-0.21623251561380072,-0.008841211266217695
LA4NTpp,0.0,0.0
LACZ,0.0,0.0
LACZpp,0.0,0.0
LADGMDH,0.0,0.20739130434757078
LIPOCT,0.0,0.0
LIPOS,0.0,0.0
LIPOt2pp,0.0,0.0
LIPOtex,0.0,0.0
LALADGLUtex,0.0,0.0
LPADSS,0.006190247819041726,0.0718324496537937
GLUTRR,0.0011352181444459744,0.7532020284365206
LPLIPAL1A120pp,0.0,0.733846153844422
LPLIPAL1A140pp,0.0,0.7338461538444223
LPLIPAL1A141pp,0.0,0.45428571428433295
LPLIPAL1A160pp,0.0,0.7338461538457318
LPLIPAL2A160,0.0,0.7338461538457419
LPLIPAL2A161,0.0,0.5611764705865168
LPLIPAL2A180,0.0,0.7338461538444399
LPLIPAL1A161pp,0.0,0.45428571428464054
GLUTRS,0.0011352181444459744,0.7532020284350798
LPLIPAL1A180pp,0.0,0.7338461538445192
LPLIPAL1A181pp,0.0,0.7338461538445092
LPLIPAL2A181,0.0,0.7338461538445102
LPLIPAL2ATE120,0.0,0.0
LPLIPAL2ATE140,0.0,0.0
LPLIPAL2ATE141,0.0,0.0
LPLIPAL1E120pp,0.0,0.5959348590041209
GLUabcpp,0.0,3.1799999999925417
LPLIPAL1E140pp,0.0,0.5959348590038891
LPLIPAL1E141pp,0.0,0.3974999999993467
LPLIPAL2ATE160,0.0,0.0
LPLIPAL2ATE161,0.0,0.0
GLUt2rpp,-1000.0,2.5301349470622654
LPLIPAL2ATE180,0.0,0.0
LPLIPAL2ATE181,0.0,0.0
LPLIPAL1E160pp,0.0,0.5959348590040593
LPLIPAL1E161pp,0.0,0.3974999999993341
LPLIPAL2ATG120,0.0,0.0
GLUt4pp,0.0,1000.0
LPLIPAL2ATG140,0.0,0.0
LPLIPAL2ATG141,0.0,0.0
LPLIPAL2ATG160,0.0,0.0
LPLIPAL1E180pp,0.0,0.5959348590041127
LPLIPAL1E181pp,0.0,0.5959348590041127
LPLIPAL1G120pp,0.0,0.4769999999995105
LPLIPAL1G140pp,0.0,0.4769999999995188
LPLIPAL1G141pp,0.0,0.3407142857139358
LPLIPAL2ATG161,0.0,0.0
LPLIPAL2ATG180,0.0,0.0
LPLIPAL1G160pp,0.0,0.4769999999995049
LPLIPAL2ATG181,0.0,0.0
GLUtex,-2.4501835391354563,1.0
LPLIPAL2E120,0.0,0.595934859004311
LPLIPAL1G161pp,0.0,0.3407142857135157
LPLIPAL1G180pp,0.0,0.4769999999989287
LPLIPAL2E140,0.0,0.595934859004141
GLXCL,0.0,1.4460925147722516
LPLIPAL2E141,0.0,0.4769999999992911
LPLIPAL2E160,0.0,0.5959348590033389
LPLIPAL1G181pp,0.0,0.47699999999892195
LPLIPAL2A120,0.0,0.73384615384402
LPLIPAL2A140,0.0,0.73384615384402
LPLIPAL2E161,0.0,0.4769999999999906
LPLIPAL2A141,0.0,0.5611764705882483
GLYALDtex,-1.059999999999961,0.0
LPLIPAL2E180,0.0,0.5959348590041289
LPLIPAL2E181,0.0,0.5959348590041289
LPLIPAL2G120,0.0,0.47700000000000964
LPLIPAL2G140,0.0,0.4770000000000141
LPLIPAL2G141,0.0,0.39750000000001223
MALTabcpp,0.0,0.0
MALTptspp,0.0,0.0
MALTtexi,0.0,0.0
LPLIPAL2G160,0.0,0.4770000000000141
GLYALDtpp,-1.0599999999999574,0.0
LPLIPAL2G161,0.0,0.3975000000000018
LPLIPAL2G180,0.0,0.47700000000000964
MALt2_2pp,0.0,3.1799999999997737
MALt2_3pp,0.0,2.38499999999983
MALt3pp,0.0,3.1799999999997737
MALtex,-1.907999999999902,0.0
MAN1PT2,0.0,2.384999999999957
LPLIPAL2G181,0.0,0.47700000000000475
MAN6PI,0.0,0.0
GLYAT,-1.9438779081619297,6.352474232831491
MAN6Pt6_2pp,0.0,0.0
LSERDHr,0.0,2.833273025574397
LYSDC,0.0,1.7012542890208346
LYSTRS,0.0,0.0
GLYBabcpp,0.0,3.180000000000035
LYSabcpp,0.0,1.9516729365096932
MAN6Ptex,0.0,0.0
MANAO,0.0,0.0
LYSt2pp,0.0,4.879182341274201
MANGLYCtex,0.0,0.0
GLYBt2pp_copy1,0.0,1000.0
MANptspp,0.0,0.0
MANtex,0.0,0.0
MCITD,0.0,1.1133479756045004
MCITL2,0.0,1.1133479756045004
LYSt3pp,0.0,4.770000000000049
LYStex,-0.7012542890208302,1.0
LYXI,0.0,0.0
LYXt2pp,0.0,0.0
LYXtex,0.0,0.0
MCITS,0.0,1.1133479756044857
MCOATA,0.024760991276166905,2.409760991276161
M1PD,0.0,0.0
GLYBtex,0.0,0.0
MACPD,0.0,2.384999999999992
MALCOAMT,0.0,7.070360934619423e-07
MCPST,0.0,0.0
MCTP1App,0.004420605633108848,0.12831670952921112
MALDDH,0.0,0.0
MCTP1Bpp,0.0,0.12552631578947387
MALDt2_2pp,0.0,0.0
GLYC2Pabcpp,0.0,0.0
MALDtex,0.0,0.0
MALS,0.0,2.350373243099921
MCTP2App,0.0,0.0815384615384612
MDDCP1pp,0.0,0.1223076923076918
GLYC2Ptex,0.0,0.0
MDDCP2pp,0.0,0.0815384615384612
MALTATr,0.0,0.0
MALTHXabcpp,0.0,0.0
MALTHXtexi,0.0,0.0
MALTPTabcpp,0.0,0.0
MALTPTtexi,0.0,0.0
MALTTRabcpp,0.0,0.0
MDDCP3pp,0.0,0.1223076923076918
MDDCP4pp,0.0,0.1223076923076918
MDDCP5pp,0.0,0.12389610389610713
MDDEP1pp,0.0,0.1223076923076905
MDDEP2pp,0.0,0.12389610389610188
MDDEP3pp,0.0,0.1223076923076905
MALTTRtexi,0.0,0.0
MALTTTRabcpp,0.0,0.0
MALTTTRtexi,0.0,0.0
MDDEP4pp,0.0,0.08153846153846034
GLYC3Pabcpp,0.0,0.5962499999999746
MDH,-6.732324844602653,5.012229627168611
MDH2,0.0,0.0
MDH3,0.0,3.1515942412815496
METSOX1tex,0.0,0.0
ME1,0.0,3.9891291281022667
ME2,0.0,4.6127942447245855
MECDPDH5,0.0,0.0008445553522301379
MECDPS,0.0007600998170071296,0.0008445553522301379
MELIBt3ipp,0.0,0.0
NAt3pp,0.0,1000.0
MOBDabcpp,4.104348111926309e-05,4.5603867910292216e-05
MOBDtex,4.104348111926309e-05,4.5603867910292216e-05
MOCDS,0.0,0.0
MOCOS,3.881631547713253e-05,4.3129239419036056e-05
MELIBtex,0.0,0.0
MEOHtex,-6.721101101706026e-07,0.0
MEOHtrpp,-6.721101101706026e-07,0.0
MEPCT,0.0007600998170071296,0.0008445553522301385
METAT,0.00035475567013936696,0.4212371086113941
METDabcpp,0.0,0.0
MOGDS,0.0,0.0
MOHMT,0.0,0.00020362309600756808
METDtex,0.0,0.0
MOX,-6.352545183964745,0.0
METSOX2abcpp,0.0,0.0
MPTAT,7.763263095426506e-05,8.625847883807223e-05
MPTG,0.004420605633108848,0.12994692142261063
MPTG2,0.0,0.08153846153847664
METOX1s,0.0,0.0
METOX2s,0.0,0.0
METS,0.0001419022680557468,0.33645633370178984
METSOX1abcpp,0.0,0.0
MPTS,7.763263095426506e-05,8.625847883807223e-05
METSOX2tex,0.0,0.0
MPTSS,0.00015526526190853013,0.00017251695767614447
MSAR,0.0,0.0
MSO3abcpp,0.0,0.0
METSOXR1,0.0,0.0
MSO3tex,0.0,0.0
MTAN,0.0,0.4208823529412435
MTHFC,-1.8554218088185785,3.6814689536452465
MTHFD,-1.8554218088185785,3.6814689536452465
MTHFR2,0.0001419022680557468,0.3364563337017291
NDPK2,0.12698566708431727,2.5203108122545514
NDPK3,-0.7867607930833489,2.4425579143556195
NDPK4,0.008325145170284015,2.3933251451702615
NDPK5,-2.044285714285646,2.391446928659182
NDPK6,-2.052610859456006,2.3829187137073617
NDPK7,-0.7908824365948269,2.3914469286592106
MTHTHFSs,0.0001419022680557468,0.0001583760849354753
MTRPOX,0.0,0.0
NDPK8,-2.044285714285722,2.3912438588776475
METSOXR2,0.0,0.0
NH4tex,-5.0,1.1380288880054792
NH4tpp,-5.0,2.540464469544094
N2Otex,0.0,0.0
N2Otpp,0.0,0.0
NACODA,0.0,1.134370398719807
NACtex,0.0,0.0008053148147259548
NHFRBO,0.0,0.0
NI2abcpp,0.0,2.384999999999917
METTRS,0.0,0.0
NI2t3pp,0.0,9.539999999999802
NACtpp,0.0,0.0008053148147259353
NADDP,0.0,2.3849999999999567
NADH10,0.0,3.151594241281422
NI2tex,0.0001027677860583099,0.00011418642895367799
NADH16pp,0.0,0.0
METabcpp,0.0,0.4698510439147038
NADH17pp,0.0,4.894539252513834
NADH18pp,0.0,4.894539252513834
NADH5,0.0,0.0
NI2tpp,0.0,9.540102767785086
NI2uabcpp,0.0,1.908020553557144
NMNAT,0.0,2.384999999999998
NMNDA,0.0,1.1924999999998782
NMNN,0.0,0.5962499999999715
NMNPtpp,0.0,0.0
NADH9,0.0,3.151594241281402
NADK,0.00014222043457612354,2.3851422204345187
NADN,0.0,0.5962499999999847
NMNt7pp,0.0,0.0
METtex,0.0,0.46985104391469257
NMNtex,0.0,0.0
NNAM,0.0,0.5962499999999847
NNATr,0.0007247833332524323,1.1932247833332248
NADPHQR2,0.0,0.0
NADPHQR3,0.0,2.1885305585171144
NADPHQR4,0.0,2.188530558517149
NADPPPS,0.0,2.384999999999846
NNDMBRT,0.0,0.0
MG2t3_2pp,-4.767239905436289,0.003066771737378194
NNDPR,0.0,0.0008052536371144364
NADS1,0.0007247833332542086,1.1932247833331375
NADTRHD,0.0,6.352474232831176
NO2t2rpp,0.0,0.0
MG2tex,0.0027600945636407914,0.0030667717373781896
NO2tex,0.0,0.0
NO3R1bpp,0.0,0.0
NO3R1pp,0.0,0.0
NO3R2bpp,0.0,0.0
NAMNPP,0.0,0.5969747833332358
NAt3_1p5pp,0.0,9.540000000000063
NAt3_2pp,0.0,9.54000000000013
NTD2pp,0.0,0.0
NO3R2pp,0.0,0.0
NO3t7pp,0.0,0.0
NTD3,0.0,0.7908824365947905
MG2tpp,0.0,4.769999999999735
NTD3pp,0.0,0.0
NTD4,0.0,2.384999999999876
NO3tex,0.0,0.0
NODOx,0.0,0.0
NODOy,0.0,0.0
NOVBCNtex,0.0,9.53999999999978
NOVBCNtpp,0.0,9.53999999999978
NTD4pp,0.0,0.0
NTD5,0.0,2.3849999999999163
NOtex,0.0,0.0
NTD5pp,0.0,0.0
MG2uabcpp,0.0,1.5899999999999483
NTD6,0.0,2.0442857142858912
NTD6pp,0.0,0.0
NOtpp,0.0,0.0
NTD1,0.0,2.384999999999847
NTD10,0.0,2.384999999999899
NTD10pp,0.0,0.0
NTD11,0.0,2.384999999999899
NTD7,0.0,2.384999999999899
NTD7pp,0.0,0.0
NTD8,0.0,2.0442857142857163
NTD8pp,0.0,0.0
NTD9,0.0,2.384999999999802
NTD11pp,0.0,0.0
NTD12,0.0,0.6980487804877749
NTD9pp,0.0,0.0
NTD12pp,0.0,0.0
MGSA,0.0,1.5900000000000034
NTD1pp,0.0,0.0
NTD2,0.0,2.384999999999954
NTP1,0.0,2.384999999999938
NTP10,0.0,2.3849999999999376
NTP11,0.0,0.0
MI1PP,0.0,0.0
NTP12,0.0,0.0
OGMEACPR,0.0,7.070360934619437e-07
NTP3,0.0,2.3849999999999536
OGMEACPS,0.0,7.070360934619437e-07
MICITDr,0.0,1.1133479756044737
OHPBAT,7.09511340278734e-05,0.9232967575854065
OHPHM,0.0,0.0
NTP3pp,0.0,0.0
NTP5,0.0,2.3849999999998888
OMBZLM,0.0,0.0
NTPP1,0.0,2.3849999999998888
OMCDC,0.0,2.577799375630978
MINCYCtex,0.0,9.539999999999937
OMMBLHX,0.0,0.0
OMMBLHX3,0.0,0.0
OMPDC,0.10524789408408244,0.7866764655126008
NTPP10,0.0,0.6980487804878681
NTPP11,0.0,0.8343578416739745
NTPP2,0.0,2.3849999999998506
NTPP3,0.0,2.3849999999998093
NTPP4,0.0,2.384999999999854
NTPP5,0.0,2.384999999999854
NTPP6,0.0,2.3849999999998097
OMPHHX,0.0,0.0
OMPHHX3,0.0,0.0
OPHBDC,7.09511340278734e-05,7.883459336430377e-05
NTPP7,0.0,2.384999999999855
MINCYCtpp,0.0,9.539999999999761
NTPP8,0.0,2.384999999999839
NTPP9,0.0,1.0599999999999192
NTPTP1,0.0,2.0442857142858992
OPHHX,0.0,0.0
OPHHX3,7.09511340278734e-05,7.883459336430348e-05
OPMEACPD,0.0,7.070360934619408e-07
NTPTP2,0.0,2.384999999999941
OPMEACPR,0.0,7.070360934619408e-07
MINOHPtexi,0.0,0.0
OPMEACPS,0.0,7.070360934619408e-07
ORNDC,0.0,2.1219166664695766
NTRIR2x,0.0,0.0
NTRIR3pp,0.0,0.0
NTRIR4pp,0.0,0.0
ORNabcpp,0.0,1.9456444445494587
MLDCP1App,0.0,0.12389610389610468
ORNtex,-1.8861481479729476,0.0
OROTt2_2pp,0.0,0.0
OROTtex,0.0,0.0
O16A4COLIPAabctex,0.0,0.0
O16AT,0.0,0.0
O16GLCT2,0.0,0.0
O2Stex,0.0,0.0
ORPT,-0.7866764655126856,-0.10524789408408244
OXAMTC,0.0,0.28606554571678133
OXCDC,0.0,0.0
O2tex,0.0,0.0
MLDCP1Bpp,0.0,0.12075949367088236
O2tpp,0.0,0.0
OAADC,0.0,3.989129128101686
OBTFL,0.0,1.1133479756044578
P5CD,0.0,2.418962482955218
P5CR,0.0,4.23110027616986
PA120abcpp,0.0,1.0599999999999505
PA140abcpp,0.0,1.0599999999999625
OCBT,-0.9058888886261313,0.30990581641940373
PA141abcpp,0.0,1.0599999999999603
OCDCAtexi,0.0,0.0
MLDCP2App,0.0,0.12389610389610227
OCDCEAtexi,0.0,0.0
OCTAtex,0.0,0.0
PA160abcpp,0.0,1.0599999999999827
PA161abcpp,0.0,1.0599999999999623
OCTDPS,7.09511340278734e-05,7.88345933643038e-05
MLDCP2Bpp,0.0,0.12230769230769066
OCTNLL,0.0,0.0
OGMEACPD,0.0,7.052198719676925e-07
PDX5POi,0.0,7.883459336430377e-05
PA180abcpp,0.0,1.0599999999999672
PA181abcpp,0.0,1.0599999999999539
MLDCP3App,0.0,0.1255263157894718
PACALDt2rpp,0.0,0.0
PACALDtex,0.0,0.0
PANTS,0.0,0.00020362309600772485
PDX5PS,7.09511340278734e-05,7.88345933643038e-05
PDXPP,0.0,2.384999999999922
PE120abcpp,0.0,1.192500000000006
MLDEP1pp,0.0,0.12552631578947443
PE140abcpp,0.0,1.1925000000000008
PE141abcpp,0.0,0.794999999999968
PAPA120,0.0,2.3849999999999625
PAPA120pp,0.0,1.0600000000000023
PAPA140,0.0,2.384999999999965
MLDEP2pp,0.0,0.12389610389610431
PAPA140pp,0.0,1.060000000000003
PAPA141,0.0,2.384999999999958
PE160abcpp,0.014618478941904356,1.2071184789418279
PE161abcpp,0.006700586917609928,0.8017005869175939
PAPA141pp,0.0,1.0600000000000367
MLTG1,0.0,0.0
PAPA160,0.0,2.384999999999849
PE180abcpp,0.0,1.1924999999999983
PE181abcpp,0.0,1.1924999999999732
PEAMNtex,0.0,0.0
PAPA160pp,0.0,1.059999999999955
PAPA161,0.0,2.384999999999921
MLTG2,0.0,0.0
PAPA161pp,0.0,1.0599999999999632
PAPA180,0.0,2.3849999999999585
PAPA180pp,0.0,1.0599999999999712
PAPA181,0.0,2.3849999999999576
PAPA181pp,0.0,1.0599999999999539
PERD,7.09511340278734e-05,0.9232967575856282
PETNT161pp,0.0,0.05633858267716469
PETNT181pp,0.0,0.056338582677163795
PFK,0.0,12.180509817013522
PFK_2,0.0,0.0
PFK_3,0.0,12.18050981701342
PAPPT3,0.008841211266217695,0.2598938428451378
PAPSR,0.0,0.49861979363491965
PAPSR2,0.0,0.49861979363491965
PFL,0.0,21.87217636933173
MLTG3,0.0,2.3850000000000477
PG120abcpp,0.0,1.1924999999999755
PG140abcpp,0.0,1.192499999999975
PG141abcpp,0.0,0.7949999999999221
PDE1,0.0,2.3849999999999394
PDE4,0.0,2.3849999999998444
PDH,0.0,26.725009673927886
PG160abcpp,0.0,1.1924999999999706
MLTG4,0.0,2.3849999999999314
PG161abcpp,0.0,0.7949999999999848
PG180abcpp,0.0,1.192499999999978
PG181abcpp,0.0,1.192499999999978
PDX5PO2,0.0,7.883459336430356e-05
PGAMT,-0.5321681813283993,-0.030062918170518843
MLTG5,0.0,2.38499999999997
PGCD,0.0,1.9079999999999349
PGI,0.4599999999993738,12.384999999999959
PGK,-19.458563517848287,-16.77803505141051
PGSA160,0.0,0.5962500000000102
PGSA161,0.0,0.5962500000000315
PGSA180,0.0,0.5962499999999755
PGSA181,0.0,0.5962499999999764
PGL,0.0,3.2570626689797146
PGLYCP,0.0,0.0
PHEMEabcpp,0.0,0.09400835128660115
MLTGY1pp,0.0,0.12230769230768575
PHEMEtiex,0.0,0.09400835128659882
PGM,-20.858735767841903,-16.778035051410587
PGMT,-2.3850000000000007,0.0
PGP120abcpp,0.0,0.5611764705882178
PHETA1,-0.42716417910440413,0.0
PGP140abcpp,0.0,0.5611764705882294
MLTGY2pp,0.0,0.12389610389610071
PGP141abcpp,0.0,0.5611764705882183
PHETRS,0.0,0.0
PHEt2rpp,-0.36821905872021593,0.06549457820465344
PGP160abcpp,0.0,0.5611764705882315
MLTGY3pp,0.0,0.12552631578946502
PGP161abcpp,0.0,0.5611764705882223
PGP180abcpp,0.0,0.5611764705882107
PHEtex,-0.3682190587201449,0.06549457820465357
PHYTSpp,0.0,0.0
MLTGY4pp,0.0,0.0815384615384557
PIt2rpp,-2.873086711351249,1.429266229824158
PItex,0.3069132886478272,0.7611990029334308
PIuabcpp,0.0,3.180000000000014
PLIPA1A120pp,0.0,0.7338461538461383
PGP181abcpp,0.0,0.5611764705882365
PGPP120,0.0,0.5962500000000173
PGPP120pp,0.0,0.5611764705882507
PGPP140,0.0,0.5962500000000173
PGPP140pp,0.0,0.5611764705882507
PGPP141,0.0,0.5962500000000173
PGPP141pp,0.0,0.5611764705882409
PGPP160,0.0,0.5962500000000075
PLIPA1A140pp,0.0,0.7338461538461454
PLIPA1A141pp,0.0,0.5611764705882294
PLIPA1A160pp,0.0,0.7338461538461445
PLIPA1A161pp,0.0,0.5611764705882027
PGPP160pp,0.0,0.5611764705882302
MLTP1,-2.3849999999993976,0.0
PGPP161,0.0,0.5962499999999981
PGPP161pp,0.0,0.5611764705882326
PLIPA1A180pp,0.0,0.7338461538461163
PLIPA1A181pp,0.0,0.7338461538461454
PLIPA1E120pp,0.0,1.1925000000000123
PLIPA1E140pp,0.0,1.1924999999999861
PGPP180,0.0,0.5962499999999955
PGPP180pp,0.0,0.5611764705882307
PLIPA1E141pp,0.0,0.7949999999999622
MLTP2,-2.3850000000001192,0.0
PLIPA1E160pp,0.0,1.1924999999999644
PLIPA1E161pp,0.0,0.7949999999999793
PLIPA1E180pp,0.0,1.1924999999999872
PLIPA1E181pp,0.0,1.1924999999999626
PGPP181,0.0,0.5962499999999954
PGPP181pp,0.0,0.5611764705882308
PGSA120,0.0,0.5962499999999803
PGSA140,0.0,0.5962499999999805
PGSA141,0.0,0.596249999999995
PLIPA1G120pp,0.0,1.1924999999999841
PLIPA1G140pp,0.0,1.1925000000000017
MLTP3,-2.385000000000118,0.0
PLIPA1G141pp,0.0,0.7949999999999788
PLIPA1G160pp,0.0,1.1924999999999724
PLIPA1G161pp,0.0,0.7949999999999813
PNTOt4pp,0.0,0.00020362657299494575
MMETtex,0.0,0.0
PNTOtex,0.0,0.00020362657299494575
POAACR,0.0,0.0
POR5,-6.318632132731004,2.0788879142013794
PLIPA1G180pp,0.0,1.1924999999999715
PLIPA1G181pp,0.0,1.1924999999999955
PLIPA2A120pp,0.0,0.7338461538461496
PLIPA2A140pp,0.0,0.7338461538461496
POX,0.0,0.0
PPA,0.0,2.385000000000009
PLIPA2A141pp,0.0,0.4542857142857115
MMM,0.0,0.0
PLIPA2A160pp,0.0,0.7338461538461384
PLIPA2A161pp,0.0,0.45428571428570774
PPA2,0.0,2.3849999999999536
PPAKr,0.0,1000.0
PPALtex,0.0,0.0
PPALtpp,0.0,0.0
PLIPA2A180pp,0.0,0.7338461538461829
PLIPA2A181pp,0.0,0.7338461538461853
PLIPA2E120pp,0.0,0.5959348590041322
PLIPA2E140pp,0.0,0.5959348590041443
PLIPA2E141pp,0.0,0.3975000000000182
PPAt4pp,0.0,0.0
PPAtex,0.0,0.0
PLIPA2E160pp,0.0,0.5959348590040935
PPBNGS,0.0005676090722229872,0.3766010142186288
MN2t3pp,0.0,9.539999999999143
PPC,0.0,3.892370745489547
PLIPA2E161pp,0.0,0.39750000000006497
PLIPA2E180pp,0.0,0.5959348590041899
PLIPA2E181pp,0.0,0.5959348590041801
PPCDC,0.0001832639157264282,0.00020362657299483983
PPCK,0.0,3.9891291281020957
PLIPA2G120pp,0.0,0.47699999999998166
MN2tpp,0.0,9.540219853064945
PLIPA2G140pp,0.0,0.47700000000001097
PPCSCT,0.0,1000.0
PPGPPDP,0.0,2.3850000000000735
PLIPA2G141pp,0.0,0.3407142857143446
PPK2,-2.3849999999999527,2.3849999999995593
PLIPA2G160pp,0.0,0.47699999999989684
MN6PP,0.0,2.3850000000002805
PLIPA2G161pp,0.0,0.340714285714252
PLIPA2G180pp,0.0,0.47699999999979115
PPK,-1000.0,1.6069702269081911
PPM,-1000.0,2.3850000000003377
PPM2,0.0,2.0442857142861004
PPNCL2,0.00018326391580103518,0.00020362657299463193
PPND,0.0,0.4088571428567855
PLIPA2G181pp,0.0,0.47700000000016207
PMANM,-2.3849999999955704,0.0
PMDPHT,0.00014190226805573132,0.00015766918672863734
PPNDH,0.0,0.4271641791043487
PMEACPE,0.0,6.989332319083994e-07
MNLptspp,0.0,0.0
PMPK,0.0,2.3850000000007583
PNTK,0.00018326391580103518,0.00020362657299463223
PPPGO,0.0,0.0
PPPGO3,7.09511340278734e-05,0.09407930242065644
PPPNt2rpp,0.0,0.0
MNLtex,0.0,0.0
PPPNtex,0.0,0.0
PPS,0.0,2.385000000000886
MNNH,0.0,0.0
PPTHpp,0.0,0.0
PSD161,0.02393057665817251,0.500930576658173
MNt2pp,0.0,4.770109926532897
PSD180,0.0,0.5959348590040721
PSD181,0.0,0.595934859004082
PSERT,0.0,1.9079999999999373
PPTtex,0.0,0.0
PRAGSr,0.1425427372610102,0.4328553100715788
PRAIS,0.1425427372610102,0.4328553100715788
PRAIi,0.0,0.3077419354838649
PSERtex,0.0,0.0
PSP_L,0.0,1.9079999999999355
MNtex,0.00021985306553031625,0.00024428118392257395
PSP_Lpp,0.0,0.0
PRAMPC,0.0,0.3448192771084895
PRASCSi_copy1,0.0,1000.0
PRATPP,0.0,0.3448192771084565
PRFGS,0.1425427372610102,0.43285531007175176
PSSA120,0.0,0.5959348590045633
PSSA140,0.0,0.5959348590049179
PRMICI,0.0,0.34481927710874816
MOADSUx,0.00015526526190853013,0.00017251695767614387
PROD2,0.0,4.231100276171693
PROGLYabcpp,0.0,0.0
PROGLYtex,0.0,0.0
PSSA141,0.0,0.47699999999999987
PSSA160,0.020303478326702748,0.616238337331301
PSSA161,0.02393057665817251,0.5009305766574836
PROTRS,0.0,0.0
PSSA180,0.0,0.5959348590046165
PROabcpp,0.0,3.1799999999989366
MOAT,0.006190247819041726,0.0718324496539066
PROt2rpp,-1000.0,1.0
PROt4pp,0.0,1000.0
PROtex,-1.8158721654812098,1.0
PSSA181,0.0,0.5959348590044712
PTA2,0.0,1000.0
PTAr,0.046990669361408166,1000.0
PTHRpp,0.0,0.0
PRPPS,-999.7512007807857,2.6337992192161437
PSCLYStex,0.0,0.0
PSCVT,0.000283804536111494,0.4274479836409058
PTPATi,0.00018326391569445377,0.0002036265729949586
MOAT2,0.006190247819041726,0.07183244965385022
PTRCORNt7pp,-1000.0,1000.0
PTRCTA,0.0,1.6639259257513732
PTRCabcpp,0.0,1.9456444445495436
PTRCt2pp,0.0,4.864111111370676
PTRCtex,-2.1219166664695877,0.0
PSD120,0.0,0.5959348590052226
PSD140,0.0,0.5959348590049558
PSD141,0.0,0.4770000000007144
PSD160,0.020303478326702748,0.6162383373330024
PUNP1,-2.3852838045358657,2.3849999999994185
NAtex,0.0,0.0
PUNP2,-1.0601261353491693,2.044285714287938
PUNP3,-2.0442857142853925,2.385000000002874
PUNP4,0.0,2.044285714283572
R5PP,0.0,2.3850000000030187
R5PPpp,0.0,0.0
R5Ptex,0.0,0.0
PUNP5,-2.3849999999996534,2.3850000000063276
NDPK1,-999.8660531676179,1000.0
PUNP6,0.0,1.060126135347332
RBFK,7.095113402788567e-05,7.883459336433329e-05
RBFSa,0.00028380453611151816,0.0003153383734572736
RBFSb,0.00014190226805575908,0.0001576691867286368
PUNP7,-2.3849999999987137,2.3850000000020004
RNTR4c2,0.0,2.0526108595215646
PYAM5PO,0.0,6.352474232835979
PYDAMK,0.0,2.38500000000112
PYDAMtex,0.0,0.0
RBK,0.0,2.385000000001148
RBK_L1,0.0,0.0
RBP4E,0.0,0.0
RFAMPtex,0.0,9.54000000000146
RFAMPtpp,0.0,9.54000000000146
RHCCE,0.0001419022680557468,0.00015837608493547513
RIBabcpp,0.0,0.0
RIBtex,0.0,0.0
PYDAMtpp,0.0,0.0
PYDXK,0.0,2.3849999999990086
PYDXNK,0.0,2.3849999999990086
PYDXNtex,0.0,0.0
PYDXNtpp,0.0,0.0
RMI,0.0,0.0
PYDXPP,0.0,2.3849999999990086
RMK,0.0,0.0
RPE,-1.537284407672317,1.9969478478396676
RMNtex,0.0,0.0
PYDXtex,0.0,0.0
PYDXtpp,0.0,0.0
PYK,0.0,18.97677420186467
RMNtpp,0.0,0.0
RPI,-1.5701369524364572,-0.11800149675210245
RMPA,0.0,0.0
RNDR1,0.0,1.6778380629768865
PYNP2r,-2.3849999999984455,2.3850000000018516
PYROX,0.0,0.0
PYRt2rpp,-9.539999999994441,0.0
RNDR1b,0.0,1.677838062976459
RNDR2,0.0,1.678037570130369
RNDR2b,0.0,1.6780375701302646
RNDR3,0.0,0.7434165540991633
PYRtex,-9.539999999994441,0.0
QMO2,0.0,0.0
QMO3,0.0,0.0
QUIN2tex,-0.7154999999995351,0.0
RNDR3b,0.0,0.743416554098949
RNDR4,0.0,1.677838062977399
QUIN2tpp,-0.7154999999995351,0.0
RZ5PP,0.0,0.0
QUINDH,-0.7154999999995351,0.0
QULNS,0.0,0.0008052536371142785
R15BPK,0.0,1000.0
RNDR4b,0.0,1.6778380629734784
RNTR1c2,0.0,2.0526108594677908
RNTR2c2,0.0,2.05288161916602
R1PK,0.0,1000.0
RNTR3c2,0.0,0.8021073346830058
S2FE2SR,0.0,6.688323001248667e-07
SLNTtex,0.0,0.0
SLNTtpp,0.0,0.0
SO2tex,0.0,0.0
OCDCAt2pp,0.0,1.467692307682109
S2FE2SS,0.0,0.00010110543152675139
SO2tpp,0.0,0.0
SO3tex,0.0,0.0
TCYNTtex,0.0,0.0
SO4t2pp,0.0,0.5
S2FE2SS2,0.0,9.19140640828712e-05
SO4tex,0.0013802063650803355,0.5
SOTA,0.0,0.8672727272739646
TDP,0.0,2.384999999985455
TDPADGAT,0.0,0.0
TDPAGTA,0.0,0.0
SPMDAT1,0.0,0.0
S2FE2ST,0.0,9.89850120027568e-06
SPMDAT2,0.0,0.0
TDPDRR,0.0,0.0
TDPGDH,0.0,0.0
SPMDabcpp,0.0,1.9079999999835664
S4FE4SR,0.0,9.19140640828712e-05
SPMDt3pp,0.0,1.9079999999835664
SPMDtex,-0.4208823529409728,0.0
TDSK,0.006190247819041726,0.0718324496538301
TDSR1,0.0,0.0
TDSR2,0.0,0.0
SPMS,0.0,0.4208823529384334
S4FE4ST,0.0,9.19140640828712e-05
SPODM,0.0,0.0
SPODMpp,0.0,0.0
SSALx,0.0,2.113204812908034
SSALy,0.0,2.113204812908034
TGBPA,0.0,0.0
THD2pp,0.0,5.361056932920519
THDPS,0.008841211266217695,0.8192778415581454
THFAT,0.0,1000.0
THIORDXi,0.0,0.0
SUCASPtpp,0.0,0.0
SUCBZL,0.0,0.0
THMDt2pp_copy1,0.0,1000.0
S7PI,0.0,0.0
THMDt2pp_copy2,-1000.0,0.0
THMDtex,-0.4030985915488827,0.0
THMabcpp,0.0,7.88345933643034e-05
SUCBZS,0.0,0.0
SUCCt2_2pp,0.0,4.769999999982095
SUCCt2_3pp,0.0,3.1799999999879494
SUCCt3pp,0.0,9.53999999990983
THMtex,0.0,7.883459336430356e-05
SUCCtex,-5.0,-0.10546074748616606
THRA2,0.0,6.352474232798215
SADH,0.0,0.8672727272702352
THRA,0.0,1.9438779081560664
SUCDi,0.0,0.0
SUCFUMtpp,0.0,0.0
SUCMALtpp,0.0,0.0
THRD,0.0,1.9438779081560664
THRD_L,0.0,1.4697613451920022
THRPtex,0.0,0.0
THRS,0.0,1.0245926181931286
SUCOAS,-1000.0,0.8949430042814692
SUCRtex,0.0,0.0
SUCTARTtpp,0.0,0.0
SUCptspp,0.0,0.0
THRTRS,0.0,0.0
SULFACabcpp,0.0,0.0
THRabcpp,0.0,3.179999999974179
SULFACtex,0.0,0.0
SADT2,0.0,0.49861979363491965
SULR,0.0,0.49861979363491965
SULabcpp,0.0,0.5
THRt2pp,0.0,4.769999999964055
THRt2rpp,-1000.0,5.769999999964055
THRt4pp,0.0,1000.0
THRtex,-0.7723592692047934,1.0
T2DECAI,0.0,0.38003098926972917
TAGURr,0.0,0.0
THYMt3pp,0.0,0.5723999999989436
TALA,-12.267546071584457,0.998651301749062
THYMtex,-0.5723999999988411,0.0
SARCOX,0.0,0.0
THZPSN3,0.0,7.883046769031907e-05
TKT1,-0.7684648260010665,0.9986513017486034
TKT2,-0.768819581671206,0.9982965460784641
TARTD,0.0,0.0
TARTRDtex,0.0,0.0
TARTRt7pp,-7.302002615488962,8.32487294776972
TARTRtex,0.0,0.0
TARTt2_3pp,0.0,0.0
TAUDO,0.0,0.0
TAURabcpp,0.0,0.0
TMAOR1,0.0,0.0
TMAOR1pp,0.0,0.0
TMAOR2,0.0,0.0
TMAOR2pp,0.0,0.0
TMAOtex,0.0,0.0
TAURtex,0.0,0.0
TMAtex,0.0,0.0
SBTPD,0.0,0.0
TMDK1,0.0,2.384999999995033
TMDPP,0.0,0.5723999999985568
SBTptspp,0.0,0.0
TMDS,0.008325145170284015,0.5807251451688409
TMK,0.0,7.88345933643015e-05
TMPK,7.09511340278734e-05,2.3850709511247477
EX_oaa_e,0.0,0.0
TMPPP,0.0,7.883046769031741e-05
SBTtex,0.0,0.0
TPI,7.070747295607064,9.751275762030133
TRDR,0.0,1.6966400297603144
SCYSDS,0.0,0.00038674560168095026
TRE6PH,0.0,2.385000000020444
TRE6PP,0.0,1.1925000000109733
TRE6PS,0.0,2.385000000020444
TREH,0.0,1.1925000000109733
TREHpp,0.0,0.0
TREptspp,0.0,0.0
TPRDCOAS,0.0,0.0
EX_salchs2fe_e,0.0,0.0
UDCPDPpp,0.0,0.0
UDCPPtppi,0.0,0.0
UDPACGALtex,0.0,0.0
TREtex,0.0,0.0
UDPG4E,0.0,0.0
TRPAS2,-0.26744017310608775,3.8151874860777495
SDPDS,0.008841211266217695,0.8192778415680102
TRPS1,0.0,0.3077419354866493
TRPS2,0.0,2.8332730255658864
UDPGALPpp,0.0,0.0
UDPGALtex,0.0,0.0
UDPGD,0.0,0.0
UDPGDC,0.0,0.0
TRPS3,0.0,0.3077419354824053
SDPTA,-0.8192778415574951,-0.008841211266217695
TRPTRS,0.0,0.0
TRPt2rpp,-0.24935463359505292,1.0
UDPGLCURtex,0.0,0.0
UDPGPpp,0.0,0.0
UDPGtex,0.0,0.0
TRPtex,-0.24935463359505292,1.0
SELCYSS,0.0,0.0
TRSARr,-1000.0,1.4460925147693615
TSULabcpp,0.0,0.0
TSULtex,0.0,0.0
TTDCAtexi,0.0,0.0
TTDCEAtexi,0.0,0.0
TTRCYCtex,0.0,9.54000000009224
UDPKAAT,0.0,0.0
UGLCURPpp,0.0,0.0
UGLT,0.0,0.0
UGLYCH,0.0,0.2781192805592182
UGMDDS,0.008841211266217695,0.25989384284346234
UHGADA,0.012380495638083452,0.14366489930809911
ULA4NFT,0.0,0.0
TTRCYCtpp,0.0,9.5399999998394
TUNGSabcpp,0.0,0.0
TUNGStex,0.0,0.0
ULA4Ntppi,0.0,0.0
TYMtex,0.0,0.0
SELGTHR,0.0,0.0
TYRL,0.0,7.883046769031955e-05
TYRPpp,0.0,0.0
UM3PL,0.0,0.25105263157755064
UM4PCP,0.0,0.24461538461321064
UM4PL,0.0,0.24461538461321064
UMPK,0.11195420799905785,2.5052793531369844
UMPtex,0.0,0.0
TYRPtex,0.0,0.0
TYRTA,-0.4088571428565962,0.0
UPLA4FNF,0.0,0.0
SELGTHR2,0.0,0.0
UPLA4FNT,0.0,0.0
UPP3MT,7.09511340278734e-05,7.883459336430411e-05
UPP3S,0.0001419022680557468,0.09415025355495739
UPPDC1,7.09511340278734e-05,0.09407930242092952
UPPRT,0.0,2.3849999999970697
URACPAH,0.0,0.0
TYRTRS,0.0,0.0
TYRt2rpp,-0.36498325237270546,0.04882504648842733
TYRtex,-0.36498325237270546,0.04882504648842733
ThDPAT,0.0,0.0
U23GAAT,0.012380495638083452,0.1436648993071447
URAt2pp_copy1,0.0,1000.0
URAt2pp_copy2,-1000.0,0.0
UAAGDS,0.008841211266217695,0.21623251561303788
SELGTHR3,0.0,0.0
UACGALPpp,0.0,0.0
UACGAMPpp,0.0,0.0
UACGAMtex,0.0,0.0
URAtex,-0.6814285714284551,0.0
URDGLYCD,0.0,0.2860655457158523
UREAtex,-1.2157947050433222,0.0
UREAtpp,-1.2157947050433222,0.0
UACMAMO,0.0,0.0
SELNPS,0.0,0.0
UAG2E,0.0,0.0
URIC,0.0,0.2860655457158523
URIH,0.0,2.3849999999926546
URIK2,0.0,2.38499999999349
UAGAAT,0.012380495638083452,0.1436648993071537
SELtex,0.0,0.0
UAGCVT,0.008841211266217695,0.2598938428444776
UAGDP,0.030062918170518843,0.5321681813270387
UAGPT3,0.008841211266217695,0.2598938428444776
UAMAGS,0.008841211266217695,0.21623251561285498
UAMAS,0.008841211266217695,0.21623251561285498
URIt2pp_copy1,0.0,1000.0
URIt2pp_copy2,-1000.0,0.0
URItex,-0.38675675675688126,0.0
USHD,0.006190247819041726,0.07183244965350308
VALTA,-1000.0,1000.0
UAPGR,0.008841211266217695,0.25989384284424893
UDCPDP,0.008841211266217695,0.25989384284424893
VALTRS,0.0,0.0
SELtpp,0.0,0.0
VALabcpp,0.0,3.180000000008704
VALt2rpp,-4.858438891182425,1.0
VALtex,-4.674160962145761,1.0
UDCPDPS,1.7499158616740215e-05,1.9443509574155722e-05
SEPHCHCS,0.0,0.0
XANtex,-0.2763212113013148,0.0
XANtpp,-9.540000000009172,0.0
VPAMTr_copy1,-1000.0,1000.0
WCOS,0.0,0.0
X5PL3E,0.0,0.0
XAND,0.0,0.2860655457168832
XMPtex,0.0,0.0
SERASr,0.0,1.1925000000076125
XPPT,0.0,2.385000000015535
XTSNH,0.0,2.3850000000170537
XANt2pp,0.0,9.540000000030636
XTSNt2rpp,-0.22308648417679094,0.0
XTSNtex,-0.22308648417679094,0.0
XYLI1,0.0,0.0
XYLI2,-2.385000000005782,9.540000000000573
XYLK,0.0,0.0
GULNLtex,0.0,0.0
URCN,0.0,0.0
SERAT,0.0,1.9698815714889935
XYLK2,0.0,0.0
XYLUt2pp,0.0,0.0
SERD_D,0.0,2.8332730255761884
XYLUtex,0.0,0.0
HACD4i,0.0,1000.0
EX_cysi__L_e,0.0,0.0
XYLabcpp,0.0,0.0
SALCHS4FEexs,0.0,0.0
SERD_L,0.0,2.8332730255635425
SALCHS4FEabcpp,0.0,0.0
XYLtex,0.0,0.0
SERTRS,0.0,0.0
ZN2abcpp,0.0,2.384999999984018
ZN2t3pp,0.0,9.539999999967536
ZN2tpp,0.0,9.54010849475096
ICITtex,0.0,0.0
TTDCAt2pp,0.0,1.4676923076773585
EX_fe3dhbzs3_e,0.0,0.0
ZNabcpp,0.0,1.9080216989637595
SERTRS2,0.0,0.0
Zn2tex,0.00010849478342378848,0.00012054975935976574
SERt2rpp,-1000.0,1.0
DRIBtex,0.0,0.0
NPHS,0.0,0.0
DDCAt2pp,0.0,1.4676923076717159
SERt4pp,0.0,1000.0
SALCHS2FEexs,0.0,0.0
EX_drib_e,0.0,0.0
4HTHRtrpp,-0.9232258064525544,0.0
SERtex,-2.211042762324155,1.0
INOSTtpp,0.0,1000.0
CYSItex,0.0,0.0
EX_feroxBfe_e,0.0,0.0
SFGTHi,0.0,0.0
EX_salchs4fe_e,0.0,0.0
EX_4hphac_e,0.0,0.0
SGDS,0.0,0.8672727272671352
TARTRtpp,-8.324872947760154,7.3020026154789495
EX_2pg_e,0.0,0.0
HACD7i,0.0,1000.0
FLDR,0.0,0.0
SGSAD,0.0,0.8672727272706311
GTHPi_copy2,0.0,0.0
EX_4abz_e,0.0,0.0
SHCHCS3,0.0,0.0
DHPTDCs,0.0,0.0
SHCHD2,7.09511340278734e-05,7.883459336430411e-05
UPLA4NT,0.0,0.0
EX_frmd_e,0.0,0.0
TCBt2ex,0.0,0.0
EX_colipaOA_e,0.0,0.0
HACD3i,0.0,1000.0
3PGtex,0.0,0.0
OCDCEAt2pp,0.0,1.4676923076922157
EX_acon_C_e,0.0,0.0
GLYBt2pp_copy2,-1000.0,0.0
SHCHF,7.09511340278734e-05,7.883459336430377e-05
SHK3Dr,0.000283804536111494,0.4274479836405769
SHKK,0.000283804536111494,0.4274479836405769
UNK3,0.0,0.0
HDCAt2pp,0.0,1.4676923076922384
EX_chitob_e,0.0,0.0
SHSL1,0.0,0.33631443143366824
SKMt2pp,0.0,0.0
ENTERGLCT1,0.0,0.0
SKMtex,0.0,0.0
ENTERGLCT2,0.0,0.0
TAG1PK,0.0,0.0
HACD6i,0.0,1000.0
HACD2i,0.0,1000.0
EX_feroxB_e,0.0,0.0
EX_tcb_e,0.0,0.0
EX_tton_e,0.0,0.0
SALCHS4abcpp,0.0,0.0
EX_salchsx_e,0.0,0.0
EX_AEP_e,0.0,0.0
LEUt4rpp,-1000.0,1000.0
EX_4hthr_e,0.0,0.9232258064519844
DXYLUDtex,0.0,0.0
EX_icit_e,0.0,0.0
TDPDRE,0.0,0.0
CHITOBpts,0.0,0.0
CTECOAI7_copy2,0.0,1000.0
EX_feroxEfe_e,0.0,0.0
AIRStpp,0.0,0.0
EX_feroxE_e,0.0,0.0
OAAtex,0.0,0.0
4HTHRK,0.0,2.3849999999994496
TETtex,0.0,0.0
PSUDS,0.0,0.0
EX_colipa20Oag_e,0.0,0.0
BSORx,0.0,0.0
ENTERH,0.0,0.0
EX_remnant1_e,0.0,0.0
SLCYSS,0.0,0.0
EX_pep_e,0.0,0.0
HACD5i,0.0,1000.0
SALCHSXtex,0.0,0.0
EX_23dhbzs3_e,0.0,0.0
SCYSSL,0.0,0.0
TAGtex,0.0,0.0
EX_tet_e,0.0,0.0
BSORy,0.0,0.0
SALCHS4FEtonex,0.0,0.0
NMNR,0.0,0.0
ACONCtex,0.0,0.0
ARGDr,0.0,2.7742636629787665
DXYLUDtpp,0.0,0.0
EX_feroxGfe_e,0.0,0.0
ADOCBLPS,0.0,0.0
ADOCBLPP,0.0,0.0
EX_salchs4_e,0.0,0.0
EX_tag__D_e,0.0,0.0
RNAMtpp,0.0,0.0
CHITPH,0.0,0.0
EX_salchs2_e,0.0,0.0
DSCLCOCH,0.0,0.0
CYSIabcpp,0.0,0.0
SALCHS2FEabcpp,0.0,0.0
AIRStex,0.0,0.0
CTECOAI8_copy2,0.0,1000.0
HACD1i,0.0,1000.0
EX_rnam_e,0.0,0.0
GALAMtex,0.0,0.0
EX_airs_e,0.0,0.0
CTECOAI6_copy2,0.0,1000.0
EX_dxyl_e,0.0,0.0
EX_3pg_e,0.0,0.0
GALR1TRB2,0.0,0.0
GALR1TRB1,0.0,0.0
HEPKB2,0.0,0.0
ENLIPIDAt1ex,0.0,0.0
EX_3ntym_e,0.0,0.0
OAAt2_2pp,0.0,0.0
EX_6apa_e,0.0,0.0
SALCNtex,0.0,0.0
EX_udcpo5_e,0.0,0.0
CLBptspp,0.0,0.0
ENLIPIDAt2ex,0.0,0.0
RNMK,0.0,2.3850000000083136
EX_4hoxpac_e,0.0,0.0
URIDK2r,-2.0526108594559265,2.376674854837694
EX_guln__L_e,0.0,0.0
AEPtex,0.0,0.0
VPAMTr_copy2,0.0,1000.0
EX_peng_e,0.0,0.0
EX_pac_e,0.0,0.0
HACD8i,0.0,1000.0
PFOR,0.0,0.0
SALCHS2FEtonex,0.0,0.0
EX_salcn_e,0.0,0.0
ACGAL6PISO,0.0,0.0
SALCptspp,0.0,0.0
HEPKA2,0.0,0.0
4HTHRtex,-0.92322580645159,0.0
GLCR1TRA1,0.0,0.0
CLB6PH,0.0,0.0
EX_galam_e,0.0,0.0
2PGtex,0.0,0.0
CLBH,0.0,0.0
CLBtpp,0.0,0.0
EX_raffin_e,0.0,0.0
EX_feroxG_e,0.0,0.0
DM_lipidA_core_e_p,0.0,0.0
SALCtpp,0.0,0.0
FOAMtex,0.0,0.0
PACt1,0.0,0.0
GALR1TRA2,0.0,0.0
THZPSN,0.0,0.0
GALR1TRA1,0.0,0.0
FEENTER2tpp,0.0,0.8297935502800342
RAFFtex,0.0,0.0
MECDPDH2,0.0,0.0008445553522301421
DARBt3ipp,0.0,4.76999999998038
ARABDI,0.0,0.0
AGMPTRCtpp,-1000.0,1000.0
ACGAL6PI,0.0,0.0
ACGALptspp,0.0,0.0
GALCTNLt2pp,0.0,0.0
EX_arab__D_e,0.0,0.0
DARBt2rpp,-3.1799999999999518,4.7699999999794835
DARBabcpp,0.0,3.1799999999761264
HPAtex,0.0,0.0
DARBtex,0.0,0.0
DGUNC,0.0,0.0
PRASCSi_copy2,-999.8574572627386,0.4328553100705293
DKFPS2,0.0,0.0
HEPK2,0.0,0.0
GLCTR2,0.0,0.0
GLUSy,0.0,2.5030735250020557
DHACOAH,0.0,0.0
3HBCOAHL,0.0,0.0
ACNPLYS,0.0,2.3849999999803755
EX_diact_e,0.0,0.0
GLCTR3,0.0,0.0
TRPTA,0.0,0.0
ACNMCT,0.0,0.0
AH6PI,0.0,0.0
NMNHYD,0.0,2.3849999999804723
PPRDNDH,0.0,0.0
OXPTNDH,0.0,0.0
PDHcr,0.0,0.0
INSTt2,-1000.0,0.0
NICRNS,0.0,0.0
PPOR,0.0,0.0
EX_btd_RR_e,0.0,0.0
EX_13ppd_e,0.0,0.0
EX_rbt_e,0.0,0.0
EX_cellb_e,0.0,0.0
EX_bz_e,0.0,0.0
CELLBpts_1,0.0,0.0
3OXCOAT,0.0,0.0
SBDH,0.0,0.0
GLCOAS,0.0,0.0
EX_abt__D_e,0.0,0.0
4HOXPACt2pp,0.0,0.0
CYNTt2pp,0.0,0.0
MMETt2pp,0.0,0.0
SALSYN,0.0,0.0
MANGLYCptspp,0.0,0.0
FEex,0.0,0.0
FEpp,0.0,0.0
PSCLYSt2pp,0.0,0.0
INDOLEt2pp,0.0,1000.0
DMSOR1pp,0.0,0.0
HPPPNt2rpp,0.0,0.0
DADK_copy2,-1000.0,1000.0
EX_fe_e,0.0,0.0
HCINNMt2rpp,0.0,0.0
EX_kokdolipidA_e,0.0,0.0
GALAM6PISO,0.0,0.0
SALCNH,0.0,0.0
CLBtex,0.0,0.0
EX_3hoxpac_e,0.0,0.0
PENGt1,0.0,0.0
EX_o6a4colipa_e,0.0,0.0
GALAMPTSpp,0.0,0.0
GLCR1TRB1,0.0,0.0
3hoxpactex,0.0,0.0
6APAt1,0.0,0.0
MMM2,0.0,0.0
