Reaction,Cluster,tSNE1,tSNE2,tSNE3
12PPDStex,4,0.5910893,-17.256329,-2.3727617
12PPDStpp_copy2,4,0.88665646,-17.062712,-2.4396884
12PPDt,4,-17.555403,-16.640482,6.0603266
2HH24DDH1_copy2,3,-3.5027566,15.206095,21.575438
3OAR140,5,6.072316,25.01345,1.236562
3OAS140,5,7.40082,25.89993,0.92358404
5DGLCNR,2,8.351015,0.5275904,-12.94317
5DGLCNt2rpp,2,12.843448,2.7942183,-1.2547667
5DGLCNtex,2,12.503911,2.822546,-1.1127374
5DOAN,1,-21.491728,-8.741446,-8.065277
A5PISO,4,6.020558,-30.368666,-4.958437
AACPS3,4,-12.309236,-22.353716,-0.42280084
AACPS4,1,-33.238857,-7.788707,-7.970149
AACPS7,5,7.40082,25.89993,0.92358404
ABUTt2pp,2,31.270365,-1.7377158,3.0233886
ACACT1r,5,1.8744262,12.812097,-7.3221245
ACACT2r,5,2.671818,11.549068,-7.151787
ACACT3r,5,0.86511034,6.051923,-6.087664
ACACT4r,5,-3.066647,4.810036,-6.0580025
ACACT5r,5,-2.9020097,4.980095,-4.9135427
ACACT6r,5,-1.6176552,31.53232,-1.9956331
ACACT7r,5,-2.9077017,31.580252,-3.7564232
ACALD,3,-9.260283,-3.1288707,18.376293
ACALDtex,3,-8.632818,-3.0349367,19.54624
ACALDtpp,3,-8.632818,-3.0349367,19.54624
ACCOAC,5,6.279984,25.675228,-0.235253
ACCOAL,2,28.38627,8.213851,-2.1287732
ACHBS,5,15.007464,22.716484,-8.007628
ACKr,1,-18.074312,3.6112344,21.275848
ACLS,2,15.02996,5.527235,2.67384
ACOAD1f,4,-5.01715,-22.08004,10.316209
ACOAD2f,4,-5.8690453,-21.944626,11.474582
ACOAD3f,4,-4.5083284,-21.474531,11.399336
ACOAD4f,4,-6.005234,-21.174316,10.262872
ACOAD5f,4,-5.4819517,-20.5569,11.329852
ACOAD6f,4,-0.87825555,-15.021337,5.68161
ACOAD7f,4,-1.7207875,-14.046396,1.0801694
ACONTa,2,17.21051,-13.050959,-2.0784748
ACONTb,2,17.704794,-14.231353,-2.7669804
ACPPAT160,1,-15.896668,-7.8057623,3.1163366
ACPPAT161,1,-16.709536,-9.016545,4.5070214
ACS,3,22.85372,1.0596296,16.786842
ACt2rpp,1,-18.648767,3.6714225,21.615757
ACt4pp,3,19.684067,1.3769419,17.151653
ACtex,2,19.680199,-4.6840186,-14.385556
ADCL,0,-9.613814,0.66041994,-25.88744
ADCS,0,-10.552593,1.1304367,-26.923927
ADEt2rpp,0,10.961267,-17.685272,-18.012276
ADEtex,0,11.8416605,-16.915483,-18.186405
ADK1,3,-11.660621,1.7908112,22.60815
ADK3,3,-7.0173583,1.3194689,20.217035
ADNK1,0,-2.434406,-2.21387,-17.261251
ADNt2pp,2,4.8061066,1.7963421,2.7990594
ADNt2pp_copy1,5,3.7881541,10.501304,5.366891
ADNt2pp_copy2,3,0.974244,4.389174,18.309923
ADNtex,3,9.896774,9.123026,14.817356
ADPT,0,-2.6501148,-1.3636204,-18.018103
ADSK,1,-31.899885,-4.6032243,6.907948
ADSL1r,5,-1.6003422,7.895745,-9.588592
ADSL2r,5,5.2674394,19.510626,11.524996
ADSS,5,-1.7534741,8.139051,-9.370764
AGMPTRCtpp,4,-8.939973,-19.174139,15.31604
AGPAT160,1,-18.093868,-11.381042,8.904464
AGPAT161,1,-17.620697,-14.2173195,11.22515
AHCYSNS,1,-30.145012,9.204072,3.4595478
AICART,5,-0.23639905,9.138204,-2.3446906
AIRC2,5,5.552381,18.453194,12.223182
AIRC3,4,-2.06544,-17.375957,7.684816
AKGDH,2,12.230605,-3.5732062,1.8677876
AKGt2rpp,4,11.086233,-24.702559,11.132714
AKGtex,4,10.360327,-25.196709,10.879651
ALAALAr,1,-9.055248,-1.1986959,0.0018812824
ALAR,0,-9.942334,-8.211886,-5.4166923
ALATA_L,3,-11.100151,1.419281,22.952185
ALAt2pp_copy2,1,-21.521324,3.9179235,20.36663
ALAt4pp,3,19.596243,-2.0631733,19.575144
ALAtex,3,6.1055927,-5.224807,11.311023
ALCD19,3,1.7324605,3.932464,23.20994
ALCD2x,4,10.844274,-26.012972,12.756393
AMPMS2,1,-21.932413,-0.5975003,-3.8843586
APG3PAT160,1,-15.896668,-7.8057623,3.1163366
APG3PAT161,1,-16.709536,-9.016545,4.5070214
APRAUR,1,-24.316416,5.1792245,7.5318165
ARGAGMt7pp,4,-8.691743,-19.661116,15.697745
ARGORNt7pp,3,2.7832062,-0.9071599,7.765343
ARGSL,5,17.233404,15.146967,-2.792976
ARGSS,5,17.29167,15.266581,-1.7764443
ARGt3pp,3,3.646471,-2.212339,6.803528
ARGtex,3,3.3821726,-10.199222,22.603016
ASAD,3,7.986304,-7.685249,18.27562
ASNS2,5,13.869603,19.775604,-9.000595
ASNt2rpp,3,-0.10892978,-12.101238,21.23841
ASNtex,3,-0.26380315,-12.516636,21.751026
ASP1DC,0,-13.351406,-14.923159,-16.371012
ASPCT,5,-3.1615682,26.56321,3.8702652
ASPK,2,12.929624,7.239817,1.8917459
ASPTA,2,9.549257,-7.2762814,-8.392128
ASPt2pp_copy1,2,9.920046,-4.236576,-0.42911974
ASPt2pp_copy2,2,18.923672,-8.9831915,6.3000045
ASPtex,2,9.976882,-7.9571576,-8.864661
ATPPRT,5,4.9332523,23.813387,-14.406842
ATPS4rpp,2,21.581926,-4.4831276,-10.396776
BIOMASS_Ec_iJO1366_core_53p95M,0,0.62634146,-2.4302592,-20.180027
BMOCOS,0,-2.2685144,-16.707197,-18.616291
BMOGDS1,0,-1.1073291,-17.365149,-18.40146
BMOGDS2,0,-1.1073291,-17.365149,-18.40146
BPNT,1,-31.899885,-4.6032243,6.907948
Biomass_Gut,5,3.0298207,12.193364,5.2255845
CA2t3pp,2,27.605843,8.007147,-1.8227758
CA2tex,5,-11.674433,17.256138,1.1577196
CAt6pp,1,-15.479376,13.911185,10.906011
CBMKr,5,19.07661,15.940179,-2.3312361
CDPMEK,5,-8.556077,20.545532,-7.775098
CHORM,5,16.176666,18.815416,2.1526494
CHORS,5,17.313078,19.647526,1.6092538
CHRPL,1,-16.47518,4.111471,-6.919798
CLt3_2pp,5,-9.625157,20.856646,-6.237423
CLtex,5,-12.229832,17.173594,0.65821177
CO2tex,3,-6.790139,-0.59281534,16.59587
CO2tpp,3,-6.246994,-1.0603592,16.882145
COBALT2tex,0,-2.783645,-10.784972,-12.797766
COBALT2tpp,0,-1.9588897,-11.536682,-12.389121
CPMPS,1,-20.563345,10.9155655,-9.833998
CPPPGO,1,-18.212706,2.1717927,-9.703869
CRNDt2rpp,2,28.434366,1.0594184,1.297273
CRNt2rpp,1,-11.065251,12.199293,12.994386
CRNt8pp,2,28.434366,1.0594184,1.297273
CS,2,18.040936,-13.782644,-1.7337965
CTECOAI7_copy1,4,-1.1156433,-13.597924,1.9579315
CTPS2,1,-33.110573,-4.262597,-4.789136
CU2tex,0,-15.343772,4.688402,-22.135921
CU2tpp,0,-14.675751,3.814391,-21.583315
CYSS,1,-31.566034,-4.0709033,8.412978
CYSTL,1,-34.00736,-6.1484833,-6.2430286
CYTBO3_4pp,2,21.914959,-5.7174373,-8.922665
CYTK1,4,10.85031,-25.220005,-3.288051
DALAt2pp,0,3.3483753,2.641199,-23.197702
DALAtex,0,3.0977595,2.1305351,-22.963205
DAPDC,5,-3.1268766,26.264929,4.9801884
DAPE,5,-3.3135245,23.765442,8.072984
DASYN160,1,-18.00712,-10.7344885,10.018993
DASYN161,1,-18.579212,-13.523711,11.820466
DB4PS,0,-11.529759,5.777188,-22.563347
DDPA,5,20.369535,19.416529,2.4217122
DHAD1,2,15.128714,5.406662,2.009496
DHAD2,5,14.383424,22.182587,-6.976887
DHAPT,5,15.585347,23.169935,-6.852166
DHAtex,2,18.986982,-7.0154705,6.878792
DHAtpp,2,18.630713,-7.1374683,7.152142
DHDPRy,5,-2.431764,24.874046,7.5955563
DHDPS,5,-2.431764,24.874046,7.5955563
DHFR,1,-6.2940497,3.309159,6.7341647
DHFS,0,-9.613814,0.66041994,-25.88744
DHNPA2r,0,-21.853577,2.6852963,-21.921808
DHORD2,4,-18.898676,-19.911287,2.6080394
DHORD5,4,-18.938023,-21.311447,2.2651892
DHORDfum,4,-19.887691,-20.671965,2.5101879
DHORTS,4,-0.92697406,-16.39369,6.3422704
DHPPDA2,1,-24.316416,5.1792245,7.5318165
DHPS2,0,-9.613814,0.66041994,-25.88744
DHPTDCs2,1,-29.524372,11.34126,4.729987
DHQS,5,20.208723,20.042013,2.0351884
DHQTi,5,17.943043,18.377483,1.0297985
DMALRED,5,0.038461637,12.474633,4.8176613
DMATT,1,-22.794193,15.678065,-8.313305
DMPPS,0,-6.466062,11.071454,-17.081688
DM_4crsol_c,1,-21.287086,-8.348546,-6.673888
DM_5drib_c,1,-21.491728,-8.741446,-8.065277
DM_mththf_c,1,-29.524372,11.34126,4.729987
DNMPPA,0,-12.996083,-1.0349721,-25.061525
DNTPPA,0,-12.446374,-1.8656301,-25.562773
DPCOAK,0,-16.715693,-11.575857,-16.453203
DPR,0,-14.087444,-14.040717,-17.569826
DTMPK,1,-9.896775,3.0983236,5.264637
DUTPDP,0,-0.9262408,-10.106694,-13.465935
DXPRIi,5,-8.556077,20.545532,-7.775098
DXPS,5,-9.96447,20.614122,-5.129023
D_LACt2pp,2,12.234807,-3.2769184,-6.8458037
D_LACtex,2,11.625282,-2.5394251,-7.3461113
E4PD,1,-16.477152,6.1909842,-5.5393834
ECOAH1,5,1.8112032,12.248444,-6.069987
ECOAH2,5,1.9232687,10.157057,-6.846668
ECOAH3,5,1.0110517,4.950425,-6.389238
ECOAH4,5,-0.18341833,4.3135476,-5.7424293
ECOAH5,5,-3.9640682,4.382584,-5.2764106
ECOAH6,5,-3.0875013,31.699736,-2.1944141
ECOAH7,5,-2.1129558,32.64324,-2.9991286
ENO,2,18.481535,-6.256554,-11.654901
ETOHtex,4,10.844274,-26.012972,12.756393
ETOHtrpp,4,10.844274,-26.012972,12.756393
EX_5dglcn_e,3,5.0514956,-5.916543,17.555925
EX_ac_e,3,-9.905379,-2.4383411,18.960657
EX_acald_e,2,19.337568,-4.2436776,-14.559122
EX_ade_e,3,10.020526,9.742939,15.889043
EX_adn_e,0,12.020091,-17.83814,-17.465284
EX_akg_e,3,6.51748,-6.3258705,9.191067
EX_ala__D_e,0,-9.640224,-8.781485,-6.1597033
EX_ala__L_e,4,11.64673,-25.193071,8.86667
EX_arg__L_e,5,15.375061,16.786478,-5.112631
EX_asn__L_e,5,13.833714,18.939383,-8.671364
EX_asp__L_e,3,1.9626733,4.196418,17.434935
EX_ca2_e,4,-1.9307742,-17.45676,-7.049786
EX_cl_e,4,-1.6787739,-17.752235,-6.6719465
EX_co2_e,2,19.10047,-4.801827,-11.693366
EX_cobalt2_e,0,-2.58157,-10.718286,-11.014393
EX_cu2_e,4,1.2604594,-13.7108965,-7.1912446
EX_dha_e,3,5.5227556,-1.2543734,14.934148
EX_etoh_e,3,6.2571044,-6.345142,8.125784
EX_fe2_e,3,-4.101124,3.1002133,20.711918
EX_fe3_e,2,22.834938,-7.5036635,-8.774326
EX_fruur_e,0,4.853098,-5.859041,-20.065145
EX_glc__D_e,3,0.15436617,4.3999696,19.767122
EX_glcn_e,2,8.289087,-0.35596353,-13.014463
EX_glcur_e,0,-11.50591,-9.137108,-13.754068
EX_glu__L_e,4,10.774026,-24.444477,9.881992
EX_gly_e,0,-9.589055,-8.733607,-7.046553
EX_glyald_e,2,10.307224,-3.1488986,-5.527759
EX_glyc_e,3,1.9157664,5.24129,22.718372
EX_glyclt_e,0,-5.0891323,-8.888694,-10.046068
EX_h2o_e,2,22.582075,-3.41184,-12.486265
EX_h_e,3,-7.8242803,-0.12150572,20.44455
EX_his__L_e,5,5.1001744,24.316147,-12.61843
EX_hxan_e,2,14.724915,-0.42281288,-8.7373295
EX_idon__L_e,3,4.8850446,8.80965,28.078695
EX_ile__L_e,5,14.639692,18.06622,-6.7821517
EX_indole_e,4,8.62739,-21.662949,8.232957
EX_ins_e,3,-0.7362933,11.662185,24.148438
EX_k_e,4,-1.1107703,-14.455559,3.0885115
EX_kdo2lipid4_e,0,7.166106,3.6015458,-23.06382
EX_lac__D_e,3,0.863137,6.6835604,23.808624
EX_leu__L_e,2,13.930348,10.349314,-3.2798278
EX_mg2_e,4,-2.9993055,-17.597214,-6.0451937
EX_mn2_e,4,0.6750882,-13.441773,-6.4368215
EX_mobd_e,0,-1.788076,-11.255402,-9.851212
EX_nac_e,4,0.22025315,-15.760738,-6.9193034
EX_nh4_e,3,8.10175,-7.887352,16.31069
EX_ni2_e,0,-0.26987526,-12.006586,-8.477246
EX_o2_e,3,-3.2710695,3.780357,20.30509
EX_orn_e,3,2.3191752,-1.6404687,8.366217
EX_phe__L_e,5,10.479923,19.107416,-12.434837
EX_pi_e,4,-3.279456,-19.17508,8.813047
EX_pro__L_e,5,12.385265,17.566757,-11.662591
EX_pyr_e,2,11.230113,-3.7003589,0.023483476
EX_quin_e,0,-0.8993501,-6.454069,-20.594265
EX_ser__L_e,2,14.753192,1.4887332,3.620198
EX_so4_e,4,-1.1582221,-15.038673,4.6889873
EX_succ_e,2,10.760502,-8.952838,-9.491324
EX_thr__L_e,5,14.993793,17.42773,-5.9516263
EX_thymd_e,0,-5.4846606,-12.381276,-14.829632
EX_trp__L_e,3,9.163983,-8.251573,11.239828
EX_tyr__L_e,5,7.8958116,20.434843,-13.709631
EX_ura_e,3,-1.9057417,13.4354515,22.729828
EX_uri_e,2,16.461739,-0.9894196,-10.406495
EX_val__L_e,2,14.3062935,10.838271,-3.6493487
EX_xan_e,0,11.074013,-15.700263,-16.227049
EX_xtsn_e,3,8.49821,8.510461,16.321812
EX_zn2_e,0,-0.5914097,-12.042039,-7.920474
F6PA,3,6.0414615,-1.3267136,14.698829
FACOAE120,5,7.40082,25.89993,0.92358404
FACOAE160,4,-13.049214,-22.884802,-0.59932077
FACOAE161,1,-33.238857,-7.788707,-7.970149
FADRx,5,20.305483,16.268425,-2.1977582
FADRx_copy1,4,-17.462194,-16.969412,5.881167
FBA,2,17.005262,-8.101796,3.4301512
FBA3,2,16.094278,-8.967371,3.7439017
FCLT,1,-15.037281,0.9693623,-9.021597
FE2tex,2,23.098515,-7.3978415,-7.9645147
FE2tpp,1,-10.687944,9.801485,2.9021683
FE3tex,3,-4.382916,3.5770416,20.107239
FEROpp,2,11.685457,-1.626475,2.395089
FESD1s,5,-10.983829,19.281118,-0.17548428
FESR,1,-11.893845,14.280249,0.7800993
FMNAT,1,-20.389088,-3.5802808,-8.326613
FRD2,2,16.892328,-10.556402,-8.792209
FRD3,2,18.045328,-10.609975,-8.151126
FRUURt2rpp,0,-12.067353,-8.420084,-13.4077425
FRUURtex,0,-11.952316,-9.240915,-12.893782
FTHFLi,0,-6.084467,10.216441,-18.746742
FUM,3,4.1818104,3.435927,17.899014
G1PACT,4,9.9122715,-27.804228,-2.9547937
G1SAT,5,-11.017612,20.867056,-0.34712213
G3PAT160,1,-9.854143,6.9944024,4.2456346
G3PAT161,1,-10.638178,4.6649795,5.9721265
G3PD2,4,-0.83069587,-14.506853,1.3821735
G5SADs,5,13.203988,18.00683,-12.575236
G5SD,3,4.447101,-2.3482358,5.5499115
G6PDH2r,2,14.430637,-5.966258,3.4018939
GAPD,2,18.898829,-5.8419504,-11.982664
GARFT,5,6.13827,19.985281,13.080499
GART,0,-5.4075203,9.865156,-18.116182
GCALDD,0,-12.102835,-1.8514701,-23.95908
GF6PTA,4,10.015371,-27.749765,-3.9920878
GHMT2r,5,2.0035279,11.050981,4.275516
GK1,1,-28.370615,-6.008582,4.8116746
GLBRAN2,3,22.224415,1.9446526,15.861979
GLCNt2rpp,3,5.662869,10.2332115,28.036463
GLCNtex,3,5.662869,10.2332115,28.036463
GLCP,3,21.558258,3.0183382,14.659256
GLCP2,3,22.224415,1.9446526,15.861979
GLCS1,2,28.295225,6.1625395,-0.93916094
GLCURt2rpp,0,3.7332826,-5.4736814,-20.323795
GLCURtex,0,4.294253,-6.131902,-21.183075
GLCptspp,2,15.878652,-11.276165,-7.7688365
GLCtex_copy1,2,8.785925,-3.880723,3.0609906
GLCtex_copy2,2,17.96642,-9.376582,4.908483
GLGC,2,28.295225,6.1625395,-0.93916094
GLNS,5,2.120389,9.177187,2.684328
GLU5K,3,3.8801668,-3.1354022,5.641902
GLUABUTt7pp,2,30.682673,-1.319871,3.990126
GLUDy,3,9.024953,-9.040218,13.18564
GLUPRT,5,4.102561,17.815062,12.058442
GLUR,4,-4.1104507,-15.626299,-3.1227973
GLUTRR,5,-12.048811,20.219343,-0.958174
GLUTRS,5,-12.048811,20.219343,-0.958174
GLUt2rpp,1,-14.089357,13.596329,11.637939
GLUt4pp,3,20.739988,-3.1075249,19.824581
GLUtex,3,6.6851964,-6.2779174,9.971958
GLYALDtex,3,2.2108238,5.0945764,23.985987
GLYALDtpp,3,0.6672013,4.8462954,23.031128
GLYCL,4,6.1688385,-31.387209,-6.4538407
GLYCLTt2rpp,1,-20.64247,5.059605,18.428629
GLYCLTt4pp,3,20.309381,0.4886772,18.257938
GLYCLTtex,0,-0.9643529,-3.220992,-19.879736
GLYCTO2,0,-2.1830795,-1.254101,-16.082502
GLYCTO3,0,-3.121398,-0.7393981,-16.613726
GLYCTO4,0,-1.9523871,-0.47086835,-16.92468
GLYCtex,2,10.307224,-3.1488986,-5.527759
GLYCtpp,3,1.0286936,4.5888934,24.276014
GLYt2pp_copy2,1,-20.14583,4.193746,19.584435
GLYt4pp,3,19.967209,-1.7241269,20.070213
GLYtex,0,2.380209,1.0573198,-22.485044
GMPS2,1,-29.091522,-5.692251,4.074018
GND,2,14.7624445,-5.9642687,2.394912
GRTT,1,-22.794193,15.678065,-8.313305
GRXR,4,-14.936845,-21.305103,0.14988698
GTHOr,4,-14.700401,-22.060854,1.2194325
GTPCI,0,-13.352834,-2.063985,-24.987118
GTPCII2,1,-24.316416,5.1792245,7.5318165
GUI1,0,4.649366,-4.936323,-20.924648
H2Otex,3,-11.952471,0.13085066,23.090471
H2Otpp,3,-11.430594,-0.39128104,23.070484
HACD1,5,1.2345086,11.519101,-7.1532454
HACD2,5,2.1861563,11.806584,-8.407068
HACD3,5,1.0906135,4.4572225,-5.360457
HACD4,5,-1.2268324,4.536852,-5.6227403
HACD5,5,-4.3603573,5.630688,-5.47318
HACD6,5,-2.3941865,30.492895,-2.7354393
HACD7,5,-1.4021289,31.40844,-3.5525756
HBZOPT,1,-16.720499,4.874028,-7.788542
HCO3E,5,-0.4501071,9.143968,-2.6355224
HHDDI,2,16.662727,4.2208467,-10.100872
HISTD,5,3.9878545,20.030416,-16.45621
HISTP,5,3.9878545,20.030416,-16.45621
HISt2rpp,4,-5.473356,-17.14008,16.089018
HIStex,4,-5.2051883,-17.59965,16.54213
HMBS,1,-29.914627,10.152893,2.4996288
HPPK2,0,-10.552593,1.1304367,-26.923927
HPYRI,1,-11.628921,12.990489,13.953417
HPYRRx,2,29.213066,0.77857584,0.45129547
HSDy,3,7.8895144,-7.108818,18.788513
HSK,2,13.904365,7.99035,1.7144308
HSST,1,-34.00736,-6.1484833,-6.2430286
HSTPT,5,4.93698,20.476112,-17.493078
HYXNtex,3,-1.7012278,11.501656,24.498055
HYXNtpp,3,-1.0566202,12.122487,25.016748
Htex,2,30.348875,4.821474,4.067073
I2FE2SS,1,-22.86103,16.07077,-7.169407
I2FE2SS2,1,-22.221067,13.3273115,-9.11582
I2FE2ST,0,-3.1070037,-11.785414,-12.28324
I4FE4SR,1,-21.214611,13.7845125,-9.061805
I4FE4ST,1,-22.221067,13.3273115,-9.11582
ICDHyr,2,16.670944,-14.069037,-2.220066
ICYSDS,5,-8.112575,16.733648,-13.84665
IDOND,3,4.8850446,8.80965,28.078695
IDONt2rpp,2,7.971872,-0.013984824,-11.439821
IDONtex,2,7.971872,-0.013984824,-11.439821
IG3PS,5,3.9878545,20.030416,-16.45621
IGPDH,5,4.93698,20.476112,-17.493078
ILETA,3,1.9133664,-12.650863,23.448717
ILEt2rpp,3,1.7817117,-11.69088,22.192709
ILEtex,3,1.2106416,-11.379012,22.805683
IMPC,4,-4.2171397,-20.28356,9.729096
IMPD,1,-29.177837,-6.6649356,4.535701
INDOLEt2rpp,3,8.434537,-8.946471,11.168221
INDOLEtex,3,8.434537,-8.946471,11.168221
INOSTt4pp,2,22.54544,-1.8395139,-11.08406
INOSTtpp,3,18.65424,2.0256376,20.306044
INSTt2,1,-11.814862,15.922744,13.329292
INSTtex,2,30.497349,4.2657056,4.49654
INSt2pp,2,5.036718,1.5347004,2.684693
INSt2pp_copy1,2,14.77471,1.4594661,5.562963
INSt2pp_copy2,2,9.215995,-4.6801033,-6.5562963
INStex,2,14.500143,0.036485404,-9.647065
IPDDI,4,1.0806606,-14.588801,-6.45876
IPDPS,0,-6.3903646,12.146445,-17.75748
IPMD,2,13.156636,8.569066,-1.7522042
IPPMIa,3,7.076959,-8.721542,20.425613
IPPMIb,3,7.674327,-8.273709,20.925653
IPPS,2,12.597315,9.659266,-1.3077111
K2L4Aabcpp,0,6.793364,4.7602615,-25.332136
K2L4Aabctex,0,5.9996734,4.36068,-25.2649
KARA1,3,6.953925,-6.741111,17.30455
KARA2,5,15.875698,21.822828,-7.5807357
KDOCT2,4,6.0268,-30.025345,-3.2596612
KDOPP,4,6.0268,-30.025345,-3.2596612
KDOPS,4,6.0268,-30.025345,-3.2596612
Kt2pp,1,-32.018787,-6.0228586,-2.1946378
Ktex,1,-32.018787,-6.0228586,-2.1946378
LDH_D,2,12.210228,-2.271133,-6.4876876
LEUTAi,2,11.990676,8.547877,-1.2282846
LEUt2rpp,2,30.13328,5.62761,3.4427135
LEUt4rpp,1,-12.53057,16.04826,12.786133
LEUtex,3,6.2842627,-7.615483,21.53525
LPADSS,0,6.0046706,6.6345696,-24.138794
MALS,0,-0.6462043,-3.419988,-19.387274
MCOATA,5,7.2203155,24.43457,0.2396327
MCTP1App,1,-10.438548,10.956184,2.6341455
MDH,3,3.8193839,3.1631973,17.727703
MECDPDH2,0,-5.349692,11.60913,-16.792667
MECDPDH5,0,-5.212573,11.764536,-18.04782
MECDPS,5,-8.556077,20.545532,-7.775098
MEPCT,5,-9.833676,20.496801,-8.096156
METAT,0,-12.832762,6.104854,-21.691174
METS,1,-32.692448,-5.455447,-6.4637074
MG2t3_2pp,1,-10.977803,13.812684,1.1723669
MG2tex,1,-11.762306,13.849597,1.7844019
MN2tpp,0,-15.930425,3.8468702,-21.371403
MNtex,0,-15.529965,3.4694707,-22.472528
MOADSUx,1,-33.07071,10.968812,3.7704597
MOAT,0,5.6219077,5.2941494,-22.852024
MOAT2,0,5.542671,6.6924477,-22.77748
MOBDabcpp,0,-1.2131013,-16.823856,-20.444132
MOBDtex,0,-1.7986212,-17.825779,-20.346403
MOCOS,0,-2.2685144,-16.707197,-18.616291
MOHMT,0,-14.087444,-14.040717,-17.569826
MOX,5,-11.893896,20.01883,0.52717733
MPTAT,1,-20.563345,10.9155655,-9.833998
MPTG,1,-11.280588,10.652359,2.2742426
MPTS,1,-20.563345,10.9155655,-9.833998
MPTSS,1,-33.07071,10.968812,3.7704597
MTHFC,5,0.94760257,10.626384,2.3486981
MTHFD,5,1.5101492,10.873708,2.0590777
MTHFR2,1,-32.692448,-5.455447,-6.4637074
MTHTHFSs,1,-29.524372,11.34126,4.729987
NACtex,5,-6.931292,20.931961,-12.65208
NACtpp,5,-8.864045,21.115356,-13.031315
NADH16pp,2,11.667238,-2.9710033,1.9241272
NADH17pp,2,17.34573,-11.660297,-8.03768
NADH18pp,2,17.047115,-10.322152,-7.410692
NADK,1,-22.75812,3.611394,8.150959
NADS1,5,-8.066571,20.28186,-12.3467045
NAMNPP,5,-7.727274,20.960737,-13.742146
NAt3pp,2,28.1603,9.341943,-1.4411722
NDPK1,3,-6.64201,0.9814841,20.4619
NDPK2,5,-0.37099597,22.170483,9.083219
NDPK3,4,10.14155,-25.063019,-3.326534
NDPK4,1,-10.895298,2.8686008,5.525807
NDPK6,4,-4.8607197,-16.216118,-3.4473464
NH4tex,2,12.178991,4.7931914,6.7041097
NH4tpp,2,12.178991,4.7931914,6.7041097
NI2tex,1,-22.946426,18.400423,-4.9452496
NI2tpp,1,-23.91745,18.625435,-5.477544
NNATr,5,-7.893399,21.857841,-12.456039
NTD5,0,-4.483954,-12.065106,-14.104307
O2tex,2,21.24777,-7.561967,-7.7115393
O2tpp,2,18.330778,-11.681754,-5.196238
OCBT,5,16.821228,15.945941,-2.3403597
OCTDPS,1,-14.970027,5.396263,-7.0719843
OHEDH,2,16.662727,4.2208467,-10.100872
OHPBAT,1,-22.68525,-0.5192978,-2.2302654
OMCDC,2,12.117378,9.047412,-2.3561308
OMPDC,5,-3.2628977,27.266628,4.429734
OPHBDC,1,-16.720499,4.874028,-7.788542
OPHHX,1,-20.219814,0.7714262,-5.733738
ORNTA,3,3.9105396,-14.988204,19.14844
ORNtex,3,3.602465,-15.204104,19.052473
ORPT,4,-1.8776919,-15.684195,6.6123276
P5CR,5,13.203988,18.00683,-12.575236
PANTS,0,-14.087444,-14.040717,-17.569826
PAPPT3,1,-8.180989,-5.4631557,3.698631
PAPSR,4,-13.451239,-21.51893,1.3031583
PAPSR2,4,-14.625109,-20.622187,1.4001621
PDH,2,17.69404,-12.62181,-3.9729288
PDX5PO2,0,-1.6029261,-16.23497,-16.102922
PDX5POi,0,-2.1690397,-16.97259,-16.030727
PDX5PS,1,-19.94441,0.9569007,-6.132349
PE160abcpp,1,-16.617731,-8.9191265,3.09464
PE161abcpp,1,-10.314124,7.1873503,4.212667
PERD,1,-17.049223,6.75728,-4.5655856
PFK,2,16.991106,-9.231436,2.8631253
PFK_3,2,16.094278,-8.967371,3.7439017
PGAMT,0,-9.12525,-10.114664,-5.382966
PGCD,2,13.475548,1.0629762,3.912713
PGI,2,10.254493,-3.6728652,2.2967584
PGK,3,-5.717931,-0.6049074,15.56171
PGL,2,14.7624445,-5.9642687,2.394912
PGM,3,-5.267069,0.07401283,15.910713
PHETA1,3,-2.4009464,-13.391046,18.087158
PHEt2rpp,3,-2.5299318,-13.998748,19.2229
PHEtex,3,-3.1567497,-13.506622,19.124954
PIt2rpp,5,1.8850043,12.282536,4.227136
PItex,5,1.8850043,12.282536,4.227136
PMDPHT,1,-24.316416,5.1792245,7.5318165
PMPK,1,-21.495186,0.25247595,-3.402588
PNTK,0,-16.715693,-11.575857,-16.453203
POR5,4,-19.342342,-20.114738,1.5100448
PPAKr,2,29.72586,-0.82700837,2.444557
PPBNGS,5,-7.90757,16.535095,-14.117883
PPC,2,17.171587,-15.090126,-0.7699175
PPCDC,0,-16.715693,-11.575857,-16.453203
PPCSCT,2,30.758202,-0.22253194,2.8009565
PPK,1,-15.988284,14.524317,10.843707
PPM,1,-12.471846,13.180107,12.097943
PPNCL2,0,-16.715693,-11.575857,-16.453203
PPND,5,8.112969,20.324104,-14.114216
PPNDH,5,10.971077,19.279198,-12.919818
PPPGO3,1,-19.493711,1.7521919,-9.669406
PRAGSr,5,3.7593832,19.023401,11.32711
PRAIS,5,4.80004,18.058226,10.697561
PRAMPC,5,4.9332523,23.813387,-14.406842
PRASCSi,0,-0.82739043,-5.207529,-20.193653
PRASCSi_copy1,5,7.356365,20.221184,13.013055
PRASCSi_copy2,0,6.307036,-5.989803,-21.480799
PRATPP,5,4.9332523,23.813387,-14.406842
PRFGS,5,4.80004,18.058226,10.697561
PRMICI,5,4.9072633,23.822315,-15.747738
PROt2rpp,1,-21.105381,5.3993034,19.688894
PROt4pp,3,20.01133,1.8216068,18.575321
PROtex,3,-2.3958385,-12.759281,20.572088
PRPPS,1,-12.9773855,12.427045,12.716733
PSCVT,5,17.586441,18.432837,2.5238557
PSD160,1,-16.966417,-11.333157,9.537549
PSD161,1,-18.834122,-14.173972,10.696226
PSERT,2,14.341638,0.21504375,3.9030147
PSP_L,2,13.982197,0.7254041,2.9004104
PSSA160,1,-16.966417,-11.333157,9.537549
PSSA161,1,-18.834122,-14.173972,10.696226
PTA2,2,29.72586,-0.82700837,2.444557
PTAr,3,20.907318,-4.0079103,18.781849
PTPATi,0,-15.948826,-10.763022,-17.425514
PTRCORNt7pp,4,-8.906091,-20.168451,14.611214
PTRCt2pp,5,-2.6732333,30.379795,-0.7755947
PUNP1,3,10.5707,8.63365,15.781755
PUNP5,2,14.314068,-0.9811896,-9.527508
PUNP7,0,10.544918,-16.842005,-15.715211
PYK,5,15.799735,14.14963,-1.8964274
PYNP2r,3,-2.4911518,13.786848,23.65942
PYRDC,3,6.1691446,-4.317579,6.063167
PYRt2rpp,3,3.5980341,2.1210263,24.805222
PYRtex,3,3.549312,2.382157,25.271294
QUIN2tex,0,-7.8666296,-4.0360928,-15.579453
QUIN2tpp,0,-7.889951,-4.3682137,-16.49918
QUINDH,0,-8.211265,-3.4679308,-16.295498
R15BPK,2,28.675404,3.3483696,-0.21703775
R1PK,2,28.675404,3.3483696,-0.21703775
RBFK,1,-20.389088,-3.5802808,-8.326613
RBFSa,0,-11.529759,5.777188,-22.563347
RBFSb,1,-23.626978,4.7100196,6.3299365
RHCCE,1,-28.876986,9.513469,3.1012504
RNTR1c2,1,-10.163852,2.8676925,6.289224
RNTR2c2,1,-9.649135,0.06620618,4.8131323
RNTR3c2,1,-9.245273,0.14768285,4.8047714
RNTR4c2,1,-7.353862,3.7743428,7.039182
RPE,2,6.47805,-4.134728,5.30079
RPI,3,5.5954165,-4.082205,13.678081
SADT2,1,-31.899885,-4.6032243,6.907948
SDPDS,5,-2.6856532,23.708096,6.7034564
SDPTA,4,-1.2240862,-16.247496,7.6414804
SERAT,1,-30.380665,-4.484306,7.4824176
SERt2rpp,1,-22.098536,5.034373,18.808199
SERt4pp,3,19.973589,0.8833355,19.415586
SERtex,3,6.2997417,-5.656132,16.725348
SHCHD2,1,-16.784666,2.3127098,-8.340572
SHCHF,1,-16.419296,2.8457847,-9.215662
SHK3Dr,5,16.534771,18.764736,0.6766395
SHKK,5,16.815966,17.553003,1.5878892
SHSL1,1,-34.00736,-6.1484833,-6.2430286
SO4t2pp,1,-34.41022,-5.160828,9.059063
SO4tex,1,-34.41022,-5.160828,9.059063
SUCCtex,3,1.675359,5.1178284,16.47425
SUCDi,2,21.474627,-6.798069,-7.9602394
SUCOAS,1,-10.36012,13.264939,13.472983
SULR,1,-31.3437,-5.656659,8.018339
TALA,3,5.667985,-4.0291476,14.463434
TARTRt7pp,2,10.760502,-8.952838,-9.491324
TARTRtpp,3,1.3335097,4.4186115,16.24546
TDSK,0,4.9590364,5.860407,-23.847372
THDPS,5,-3.79412,24.608025,7.06529
THMDt2pp,0,0.4784564,-10.268523,-17.805378
THMDt2pp_copy2,0,-4.0979705,-9.645623,-10.548806
THMDtex,0,1.3121618,-10.954144,-17.537176
THRD_L,5,15.491652,21.909101,-6.3258266
THRS,2,13.904365,7.99035,1.7144308
THRt2rpp,1,-21.346212,3.8885574,18.686295
THRt4pp,3,19.012503,0.8249724,18.480375
THRtex,3,2.4225814,-10.545306,23.07606
THZPSN3,1,-20.137594,-8.564819,-7.546502
TKT1,3,3.3420136,-2.329999,4.209186
TKT2,3,2.298729,-1.4881014,5.2366066
TMDK1,0,0.47255987,-10.883624,-18.26405
TMDS,1,-7.160126,3.9831872,6.2659273
TMPK,1,-13.900918,5.640995,-6.2948747
TMPPP,1,-21.932413,-0.5975003,-3.8843586
TPI,2,14.494785,-11.733681,-7.4170933
TRDR,4,-13.695587,-20.749756,0.26474175
TRPAS2,4,8.62739,-21.662949,8.232957
TRPt2rpp,4,9.701143,-21.009476,8.509542
TRPtex,4,9.701143,-21.009476,8.509542
TRSARr,1,-11.628921,12.990489,13.953417
TYRL,1,-20.942747,-9.693715,-7.1050196
TYRTA,4,-3.9609065,-15.261095,16.571205
TYRt2rpp,4,-3.9743454,-16.157215,17.397335
TYRtex,4,-4.7608123,-15.63665,17.417255
U23GAAT,4,5.64444,-28.81743,-4.257826
UAAGDS,1,-9.580339,-3.0435178,1.2444339
UAGAAT,4,7.261611,-30.690428,-5.862381
UAGCVT,1,-7.290494,-5.513386,4.9263897
UAGDP,4,9.9122715,-27.804228,-2.9547937
UAGPT3,1,-8.190527,-4.4970317,5.632818
UAMAGS,1,-8.584303,-3.2052164,0.96809036
UAMAS,1,-9.062302,-2.09554,0.5357621
UAPGR,1,-7.5776663,-4.1768475,4.2795453
UDCPDP,1,-9.087136,-4.449911,4.4130554
UDCPDPS,0,-2.5721836,-12.114106,-13.50714
UGMDDS,1,-8.790887,-5.7823133,5.0532155
UHGADA,4,5.64444,-28.81743,-4.257826
UMPK,5,-1.2447325,22.927835,8.510904
UPP3MT,1,-16.419296,2.8457847,-9.215662
UPP3S,1,-29.914627,10.152893,2.4996288
UPPDC1,1,-15.037281,0.9693623,-9.021597
URAt2pp_copy1,2,9.413524,-2.1459324,-4.3203583
URAt2pp_copy2,2,7.9762883,-5.62891,-7.084826
URAtex,2,16.711378,-1.0292585,-9.680338
URIDK2r,4,-4.1555133,-16.60465,-2.869452
URIt2pp,3,2.471842,-1.456365,6.474767
URIt2pp_copy1,5,4.5268154,9.182515,5.278534
URIt2pp_copy2,3,-3.573129,13.775434,22.289326
URItex,3,-1.7698607,14.402262,23.168749
USHD,0,6.7270412,5.9751577,-23.238598
VALTA,2,22.399017,-3.3638237,-11.477255
VALt2rpp,3,5.9840117,-8.630825,22.352867
VALtex,3,5.3869185,-8.560332,21.680874
VPAMTr_copy1,2,18.505123,-2.6039536,-10.677908
VPAMTr_copy2,2,23.018616,-5.280154,-7.2865977
XANtex,3,8.49821,8.510461,16.321812
XANtpp,3,8.870372,7.6101036,15.61974
XTSNt2rpp,0,10.544918,-16.842005,-15.715211
XTSNtex,0,11.074013,-15.700263,-16.227049
ZN2tpp,1,-23.829165,19.19478,-4.2022796
Zn2tex,1,-24.09172,18.040964,-4.2085433
